9.000000250447817,-44.00000008604669,-3.0,9300.8330078125
-123.00000000769224,30.000000834826057,-2.0,9400.9970703125
-139.99999934239548,-27.00000075134345,2.0,9356.9208984375
-71.00000083739013,130.00000134084985,-6.0,9780.2880859375
128.9999933444683,83.00000117132056,1.0,9564.31640625
-127.99999900846505,-71.00000083739013,4.0,5447.14111328125
33.000000918308665,-16.999999334703237,6.0,5458.9111328125
176.00000034418676,34.99999983559887,8.0,5389.15625
140.9999936783987,-118.00000100691943,7.0,5450.2001953125
156.99999867709872,-67.00000300280972,4.0,5416.9912109375
-42.99999891985429,-28.99999966863366,9.0,5429.19140625
137.00000267400745,-50.0000002530119,10.0,5402.58740234375
-25.999999585151052,-80.99999883893577,6.0,5488.0751953125
117.0000066709162,178.00000267657154,3.0,5584.63671875
-67.00000300280972,-144.9999983431683,-3.0,5750.35400390625
-127.00000467246183,-120.00000333930423,8.0,7064.88623046875
80.99999883893577,82.00000000512816,8.0,6788.63427734375
-97.999998173639,-84.00000233751295,-2.0,6913.50390625
9.99999970909292,-102.99999717441182,4.0,6777.06982421875
-146.00000633954986,-171.99999567941717,2.0,6780.37939453125
107.00000183918141,75.99999983816295,5.0,6797.10693359375
85.99999783970858,22.000000043023345,7.0,6574.568359375
102.00000283840859,-50.0000002530119,3.0,6736.21728515625
-28.000000209988553,24.000000667860846,-2.0,6831.83544921875
-79.00000333674014,-30.99999858592387,0.0,6426.01611328125
101.00000167221619,4.99999985454646,4.0,6888.6845703125
45.999999003336896,-112.00000083995421,-1.0,7426.5703125
-1.9999999845072665,54.0000015026869,14.0,7368.41357421875
54.0000015026869,132.00000367323466,11.0,7091.42626953125
144.00000400716507,0.9999999922536332,9.0,7337.86376953125
-90.00000250447816,51.999999170302104,-3.0,6525.9375
-7.000000052497138,-115.99999867453464,0.0,7340.66015625
7.999999938029066,-128.9999933444683,-1.0,7590.43505859375
-180.00000500895632,149.0000030079379,4.0,7546.44677734375
-115.99999867453464,-14.000000104994276,5.0,5988.466796875
-171.00000134341394,-102.00000283840859,6.0,5580.421875
100.0000005060238,42.00000116875648,5.0,5731.0234375
-4.99999985454646,137.99999701001067,4.0,7449.96533203125
-67.00000300280972,-22.000000043023345,1.0,6581.1875
103.99999834060421,113.00000200614662,4.0,7345.2255859375
86.99999900590097,-84.99999667351618,10.0,7087.10498046875
102.99999717441182,73.99999750577815,8.0,5357.986328125
-90.99999684048139,-0.9999999922536332,8.0,7157.74267578125
-154.99999634471394,28.99999966863366,1.0,6945.91943359375
-33.99999866940647,-122.00000567168901,7.0,7029.328125
164.99999434625954,-123.99999434369548,8.0,6518.00634765625
53.0000003364945,36.00000100179127,19.0,6495.0166015625
123.99999434369548,-34.99999983559887,9.0,7186.10888671875
36.99999875288908,-1.9999999845072665,4.0,7710.08740234375
-178.99999701257477,-139.99999934239548,0.0,7375.033203125
68.99999850500534,154.99999634471394,13.0,7216.65087890625
130.00000134084985,-79.00000333674014,13.0,6806.18701171875
108.99999734137702,71.00000083739013,11.0,6978.56201171875
156.99999867709872,154.0000020087107,0.0,6246.556640625
108.99999734137702,108.99999734137702,10.0,5711.70458984375
-118.99999534292266,-112.00000083995421,11.0,6209.64794921875
-140.9999936783987,168.0000046750259,10.0,6123.03662109375
-71.00000083739013,-137.00000267400745,11.0,6154.837890625
125.99999667608026,-36.00000100179127,9.0,6267.35302734375
-59.00000050345972,39.00000108527387,11.0,6248.71142578125
123.99999434369548,-107.00000183918141,8.0,6898.82958984375
114.000003172339,-120.99999767530745,-1.0,5344.6279296875
7.000000052497138,154.99999634471394,7.0,6138.7099609375
84.00000233751295,-2.0355549961366507e-12,9.0,6260.17626953125
51.000001419204295,-69.99999967119774,6.0,5894.4287109375
139.00000500639226,-63.99999950423253,13.0,5912.890625
36.99999875288908,-22.000000043023345,12.0,5996.265625
95.00000150525098,-57.0000015861695,11.0,5701.25244140625
-142.00000167478026,-142.00000167478026,12.0,5869.58349609375
39.99999883637168,53.0000003364945,24.0,5866.2724609375
-65.00000067042492,63.99999950423253,11.0,6030.1435546875
-104.99999950679661,45.999999003336896,17.0,5169.5771484375
178.00000267657154,18.000000500895634,12.0,5711.95166015625
-154.99999634471394,-9.99999970909292,15.0,5754.8408203125
-60.000001669652114,134.00000600561944,7.0,6259.6103515625
110.99999967376182,7.999999938029066,5.0,6040.51025390625
-45.00000125223908,-164.99999434625954,8.0,6074.5498046875
67.00000300280972,79.99999767274336,8.0,5959.53857421875
176.00000034418676,137.00000267400745,7.0,6414.92236328125
63.99999950423253,-57.99999933726732,1.0,5593.85302734375
-154.0000020087107,144.00000400716507,7.0,6493.2470703125
69.99999967119774,-103.99999834060421,4.0,6302.416015625
68.99999850500534,94.00000033905859,9.0,6057.91552734375
-2.0355549961366507e-12,33.99999866940647,10.0,5980.7333984375
-37.999999919081475,36.00000100179127,6.0,5977.8583984375
-2.0355549961366507e-12,149.0000030079379,6.0,6014.40087890625
-2.0355549961366507e-12,18.999999959540737,7.0,6017.876953125
53.0000003364945,96.00000267144338,5.0,6067.65380859375
-0.9999999922536332,132.99999800923788,9.0,6014.2275390625
-3.999999969014533,-154.99999634471394,9.0,6064.703125
139.00000500639226,-80.99999883893577,8.0,6109.02734375
-56.000000419977106,36.00000100179127,11.0,6044.6142578125
-57.99999933726732,-151.9999996763259,6.0,6033.1669921875
-3.0000000834826057,-48.00000133572169,7.0,6219.63330078125
-22.000000043023345,18.000000500895634,4.0,6263.5947265625
-147.9999950115563,-132.00000367323466,6.0,5981.5517578125
-164.00000001025631,94.00000033905859,4.0,6138.1796875
178.99999701257477,-21.00000058437824,7.0,6147.0654296875
-147.00000067555308,-173.00000367579872,8.0,6383.9013671875
-142.00000167478026,-4.99999985454646,17.0,6175.96923828125
21.00000058437824,-7.000000052497138,14.0,5887.10888671875
-125.99999667608026,115.00000433853141,5.0,5669.9208984375
-22.999999501668448,0.9999999922536332,4.0,5791.46484375
50.0000002530119,118.99999534292266,3.0,5698.5673828125
-130.99999567685308,57.0000015861695,5.0,5702.16162109375
139.99999934239548,-156.0000043410955,6.0,5947.052734375
103.99999834060421,-47.000000169529294,10.0,5943.88330078125
-22.000000043023345,-68.99999850500534,8.0,5952.89453125
139.00000500639226,-134.00000600561944,7.0,5966.72900390625
-39.99999883637168,-66.00000183661733,2.0,6243.748046875
178.00000267657154,-30.000000834826057,9.0,5982.24853515625
-127.00000467246183,-34.99999983559887,9.0,5976.390625
89.00000133828577,171.99999567941717,4.0,5994.5615234375
-73.99999750577815,-108.0000030053738,8.0,6001.29443359375
-89.00000133828577,91.99999800667379,8.0,5969.064453125
166.00000234264112,-158.00000667348027,6.0,5936.662109375
146.00000633954986,27.00000075134345,10.0,5896.55517578125
92.99999917286618,61.99999717184774,12.0,5962.50146484375
-16.999999334703237,147.9999950115563,9.0,5925.93701171875
108.0000030053738,-30.99999858592387,8.0,5939.986328125
-108.99999734137702,-54.999999253784715,10.0,5916.92919921875
142.00000167478026,-73.00000316977493,10.0,5983.13232421875
33.000000918308665,-118.00000100691943,7.0,6025.0361328125
-4.99999985454646,39.00000108527387,8.0,5948.77001953125
12.999999792575526,-63.99999950423253,8.0,5949.87841796875
48.00000133572169,168.0000046750259,12.0,6023.47119140625
15.000000417413029,41.00000000256408,10.0,5934.18798828125
-164.99999434625954,144.9999983431683,9.0,5977.4853515625
89.00000133828577,149.0000030079379,7.0,5946.9658203125
-178.99999701257477,34.99999983559887,10.0,5924.89453125
-68.99999850500534,-37.999999919081475,10.0,5981.744140625
-0.9999999922536332,12.999999792575526,7.0,5922.20361328125
-54.0000015026869,-42.99999891985429,13.0,5957.3232421875
108.99999734137702,-1.9999999845072665,7.0,5994.41455078125
178.99999701257477,73.99999750577815,6.0,6008.12060546875
-108.99999734137702,94.00000033905859,9.0,5992.86376953125
156.99999867709872,14.000000104994276,9.0,5953.61376953125
67.99999733881295,118.00000100691943,7.0,5923.89306640625
84.00000233751295,57.99999933726732,10.0,5990.46875
-78.00000217054775,41.00000000256408,8.0,5944.1875
31.999999752116263,36.99999875288908,12.0,5938.14892578125
-132.00000367323466,101.00000167221619,7.0,5994.11279296875
-3.999999969014533,149.0000030079379,6.0,5965.4833984375
36.00000100179127,-18.999999959540737,11.0,6016.15380859375
-127.00000467246183,-7.000000052497138,11.0,6003.26025390625
-88.00000017209338,130.99999567685308,8.0,5907.6337890625
73.00000316977493,-104.99999950679661,6.0,6009.2646484375
-142.9999960107835,28.99999966863366,9.0,5922.171875
109.99999850756943,-108.99999734137702,8.0,6029.478515625
-161.0000033418683,-3.0000000834826057,7.0,6001.87158203125
-36.00000100179127,-19.99999941818584,8.0,6003.1904296875
-92.99999917286618,151.00000534032267,6.0,5978.99169921875
158.00000667348027,-154.99999634471394,6.0,5954.29150390625
175.00000600818353,-67.00000300280972,8.0,5939.9736328125
-96.99999700744661,57.0000015861695,11.0,5994.75390625
84.99999667351618,-51.000001419204295,11.0,5966.22509765625
-149.0000030079379,-12.000000333930423,7.0,6022.13671875
-166.00000234264112,78.00000217054775,9.0,6013.1044921875
-1.9999999845072665,-67.00000300280972,7.0,5963.52294921875
161.0000033418683,112.00000083995421,6.0,5956.13720703125
108.0000030053738,-36.99999875288908,9.0,5999.7421875
-72.00000200358254,-171.99999567941717,5.0,6030.408203125
90.99999684048139,90.99999684048139,7.0,6004.5400390625
127.99999900846505,14.000000104994276,9.0,5953.45068359375
144.9999983431683,108.99999734137702,8.0,5951.81982421875
19.99999941818584,-69.99999967119774,7.0,5968.244140625
-90.99999684048139,125.99999667608026,10.0,5957.96728515625
68.99999850500534,-65.00000067042492,4.0,5951.56005859375
67.99999733881295,149.99999734394112,8.0,6016.33837890625
84.99999667351618,117.0000066709162,5.0,5969.1796875
-78.00000217054775,77.00000100435535,9.0,6049.4033203125
-114.000003172339,-171.99999567941717,6.0,6034.2177734375
106.000000672989,50.0000002530119,10.0,6020.7783203125
91.99999800667379,146.00000633954986,10.0,6001.9375
89.00000133828577,125.99999667608026,8.0,5953.9833984375
92.99999917286618,-6.000000166965211,10.0,6048.8681640625
-33.000000918308665,33.99999866940647,8.0,5960.53369140625
164.00000001025631,-69.99999967119774,8.0,6022.28173828125
147.9999950115563,67.99999733881295,8.0,6044.2099609375
3.0000000834826057,164.99999434625954,8.0,6039.96142578125
92.99999917286618,88.00000017209338,4.0,6036.8037109375
-107.00000183918141,107.00000183918141,6.0,5982.2890625
39.99999883637168,-1.9999999845072665,8.0,6027.189453125
-67.99999733881295,130.00000134084985,5.0,5935.068359375
-120.99999767530745,-4.99999985454646,9.0,6030.314453125
-156.99999867709872,82.00000000512816,9.0,6029.83642578125
-122.00000567168901,-73.99999750577815,7.0,6002.45556640625
-139.99999934239548,130.99999567685308,6.0,5956.3271484375
4.99999985454646,-7.000000052497138,7.0,6042.6875
-33.000000918308665,-108.99999734137702,9.0,6054.7412109375
-178.00000267657154,161.99999767787153,5.0,6026.5634765625
128.9999933444683,140.9999936783987,6.0,5971.216796875
147.9999950115563,-45.00000125223908,11.0,5981.7529296875
-69.99999967119774,147.00000067555308,7.0,5971.76513671875
-140.9999936783987,-90.99999684048139,6.0,6045.203125
91.99999800667379,164.00000001025631,7.0,6018.8232421875
41.00000000256408,-22.000000043023345,8.0,6019.07421875
-123.00000000769224,142.9999960107835,6.0,5959.45263671875
-12.999999792575526,-7.000000052497138,9.0,6025.35009765625
-85.99999783970858,-22.999999501668448,8.0,6014.55419921875
90.00000250447816,-178.00000267657154,5.0,6028.00732421875
-68.99999850500534,-27.00000075134345,10.0,6014.818359375
168.0000046750259,146.00000633954986,8.0,5961.36181640625
-67.99999733881295,-140.9999936783987,6.0,5956.20263671875
164.00000001025631,-25.00000012650595,13.0,6010.18798828125
-51.000001419204295,-142.00000167478026,8.0,5955.7626953125
130.99999567685308,146.00000633954986,5.0,5959.93798828125
112.00000083995421,139.99999934239548,7.0,5956.25439453125
95.00000150525098,-163.0000056742531,6.0,5983.10009765625
128.9999933444683,-3.999999969014533,8.0,6012.2294921875
164.99999434625954,-90.99999684048139,8.0,6034.5693359375
92.99999917286618,104.99999950679661,4.0,5965.06884765625
164.99999434625954,-41.00000000256408,11.0,5961.8505859375
130.99999567685308,86.99999900590097,6.0,6012.21142578125
75.99999983816295,-22.999999501668448,8.0,6007.26025390625
18.999999959540737,-73.00000316977493,7.0,5970.07373046875
-140.9999936783987,142.00000167478026,7.0,5953.47412109375
-15.999999876058132,123.99999434369548,11.0,5917.9306640625
146.00000633954986,139.99999934239548,10.0,5958.2666015625
21.00000058437824,-178.00000267657154,4.0,6015.8486328125
60.000001669652114,-53.0000003364945,6.0,5926.75146484375
21.00000058437824,125.99999667608026,4.0,5918.4150390625
94.00000033905859,-57.0000015861695,9.0,5923.46337890625
-12.999999792575526,102.00000283840859,6.0,5961.6162109375
147.9999950115563,-90.99999684048139,5.0,6024.01806640625
-14.000000104994276,-127.00000467246183,8.0,5975.85546875
42.99999891985429,-92.99999917286618,7.0,6023.5712890625
-11.000000021511672,-144.00000400716507,7.0,5941.5146484375
77.00000100435535,28.000000209988553,9.0,5918.70751953125
114.000003172339,-110.99999967376182,8.0,6022.26416015625
-139.00000500639226,139.00000500639226,11.0,5943.6328125
166.99999667864435,-106.000000672989,6.0,6021.0712890625
-84.00000233751295,-25.999999585151052,11.0,5994.9677734375
78.00000217054775,108.0000030053738,4.0,5958.04833984375
-139.99999934239548,-73.99999750577815,7.0,5975.93994140625
-31.999999752116263,45.999999003336896,10.0,5946.40673828125
-154.99999634471394,84.00000233751295,7.0,5997.82470703125
-175.00000600818353,85.99999783970858,7.0,6001.490234375
22.000000043023345,149.0000030079379,5.0,5944.0771484375
-102.99999717441182,-94.00000033905859,9.0,6020.3798828125
-156.99999867709872,-78.00000217054775,8.0,5968.99755859375
77.00000100435535,-39.99999883637168,8.0,5951.50341796875
57.99999933726732,-22.999999501668448,8.0,5992.251953125
-158.00000667348027,67.99999733881295,11.0,5989.51171875
-139.99999934239548,-22.000000043023345,8.0,5994.6923828125
-137.99999701001067,161.0000033418683,6.0,5987.8232421875
61.000002835844505,9.99999970909292,8.0,5958.197265625
-84.00000233751295,-74.99999867197056,8.0,5977.2333984375
-137.99999701001067,85.99999783970858,8.0,5999.8212890625
24.000000667860846,-42.00000116875648,9.0,5944.06201171875
-67.00000300280972,25.999999585151052,8.0,5908.90673828125
42.00000116875648,108.99999734137702,7.0,5948.0439453125
39.99999883637168,164.99999434625954,8.0,5984.97314453125
-85.99999783970858,84.99999667351618,6.0,5997.0771484375
149.0000030079379,27.00000075134345,10.0,5915.251953125
75.99999983816295,-73.99999750577815,5.0,5968.26806640625
166.99999667864435,164.00000001025631,6.0,5992.22314453125
96.00000267144338,-166.99999667864435,7.0,5974.28173828125
41.00000000256408,47.000000169529294,11.0,5947.9970703125
-103.99999834060421,66.00000183661733,8.0,5990.759765625
95.00000150525098,-90.00000250447816,6.0,6015.8017578125
42.00000116875648,102.99999717441182,8.0,5952.1953125
-156.0000043410955,144.00000400716507,10.0,5942.8203125
42.00000116875648,-132.00000367323466,6.0,5962.53466796875
91.99999800667379,50.0000002530119,10.0,5946.81103515625
-14.000000104994276,-21.00000058437824,9.0,5991.13232421875
22.000000043023345,-39.00000108527387,8.0,5949.01220703125
57.99999933726732,112.00000083995421,4.0,5953.58154296875
-31.999999752116263,-90.99999684048139,6.0,6017.94580078125
-139.00000500639226,-123.99999434369548,6.0,5973.39208984375
-102.99999717441182,-7.000000052497138,9.0,5997.82666015625
130.99999567685308,12.000000333930423,10.0,5951.82763671875
-137.99999701001067,-176.99999468018999,4.0,6003.60546875
130.99999567685308,-39.99999883637168,8.0,5948.619140625
-31.999999752116263,16.999999334703237,6.0,5955.7548828125
-31.999999752116263,-90.99999684048139,8.0,6013.95361328125
-102.99999717441182,98.9999993398314,7.0,5924.9375
-12.000000333930423,-72.00000200358254,5.0,5965.47412109375
-15.000000417413029,-45.999999003336896,8.0,5946.03857421875
-30.99999858592387,45.00000125223908,13.0,5944.7001953125
-176.00000034418676,-41.00000000256408,11.0,5949.49560546875
146.00000633954986,50.0000002530119,10.0,5957.5
-103.99999834060421,-3.0000000834826057,5.0,6005.8212890625
-50.0000002530119,-6.000000166965211,7.0,6008.01708984375
-122.00000567168901,-7.000000052497138,8.0,6000.5908203125
-30.000000834826057,144.00000400716507,7.0,5941.80712890625
130.99999567685308,104.99999950679661,6.0,5961.16552734375
-156.0000043410955,147.00000067555308,7.0,5940.80078125
59.00000050345972,110.99999967376182,4.0,5955.185546875
-137.99999701001067,137.00000267400745,13.0,5917.7216796875
130.99999567685308,-108.0000030053738,7.0,6018.42578125
-85.99999783970858,164.00000001025631,6.0,5994.759765625
-122.00000567168901,27.00000075134345,11.0,5918.3134765625
57.99999933726732,-163.0000056742531,7.0,5977.22509765625
166.00000234264112,159.0000010094835,8.0,5989.029296875
-31.999999752116263,144.00000400716507,6.0,5941.79345703125
112.00000083995421,-41.00000000256408,13.0,5952.51123046875
-67.00000300280972,178.00000267657154,7.0,6008.1669921875
-158.00000667348027,-108.99999734137702,9.0,6016.4873046875
-139.99999934239548,140.9999936783987,8.0,5941.6826171875
-102.99999717441182,-125.99999667608026,6.0,5972.7099609375
-156.99999867709872,-7.999999938029066,9.0,5998.19091796875
-67.99999733881295,161.0000033418683,5.0,5985.20703125
-139.99999934239548,-142.9999960107835,6.0,5933.1884765625
94.00000033905859,-60.000001669652114,8.0,5913.49609375
60.000001669652114,16.999999334703237,8.0,5950.19775390625
22.000000043023345,-11.000000021511672,11.0,5989.5244140625
22.999999501668448,-63.99999950423253,9.0,5908.599609375
130.00000134084985,14.000000104994276,6.0,5950.5849609375
-175.00000600818353,102.99999717441182,10.0,5949.0751953125
-48.9999990868195,9.99999970909292,10.0,5945.8515625
59.00000050345972,66.00000183661733,8.0,5973.3955078125
166.99999667864435,-90.00000250447816,7.0,6003.38818359375
75.99999983816295,-73.00000316977493,7.0,5951.56689453125
166.00000234264112,161.99999767787153,9.0,5975.978515625
149.99999734394112,33.000000918308665,9.0,5898.85986328125
22.999999501668448,-36.99999875288908,9.0,5931.85107421875
-31.999999752116263,-22.000000043023345,12.0,5974.9267578125
-31.999999752116263,-144.9999983431683,6.0,5920.15087890625
-69.99999967119774,31.999999752116263,8.0,5888.8271484375
-120.99999767530745,-180.00000500895632,6.0,5977.84716796875
149.0000030079379,120.99999767530745,8.0,5883.76513671875
166.99999667864435,-47.000000169529294,11.0,5922.69140625
-48.9999990868195,-132.00000367323466,9.0,5945.05859375
-84.99999667351618,122.00000567168901,8.0,5886.02294921875
61.000002835844505,-127.00000467246183,8.0,5950.9716796875
6.000000166965211,140.9999936783987,8.0,5919.64208984375
-102.99999717441182,-125.00000234007703,7.0,5951.69384765625
-88.00000017209338,-22.999999501668448,9.0,5970.8642578125
22.000000043023345,102.00000283840859,5.0,5930.20849609375
61.000002835844505,-156.99999867709872,1.0,5948.21484375
-120.99999767530745,109.99999850756943,2.0,5928.625
-156.0000043410955,175.00000600818353,8.0,5978.365234375
147.9999950115563,25.00000012650595,12.0,5886.7958984375
42.00000116875648,139.99999934239548,8.0,5914.703125
4.99999985454646,146.00000633954986,6.0,5913.90771484375
77.00000100435535,-3.0000000834826057,7.0,5976.06787109375
-65.00000067042492,-18.999999959540737,7.0,5965.3125
166.99999667864435,142.00000167478026,7.0,5911.7529296875
-31.999999752116263,-130.00000134084985,9.0,5947.93896484375
-84.99999667351618,12.000000333930423,7.0,5931.1767578125
60.000001669652114,-57.0000015861695,8.0,5890.46337890625
168.99999901102913,-79.00000333674014,6.0,5937.984375
-11.000000021511672,178.99999701257477,5.0,5973.67529296875
113.00000200614662,-37.999999919081475,7.0,5908.3955078125
130.99999567685308,-9.000000250447817,8.0,5967.37255859375
-175.00000600818353,12.000000333930423,8.0,5936.1494140625
77.00000100435535,-42.99999891985429,11.0,5915.1240234375
-120.00000333930423,85.99999783970858,9.0,5971.92578125
166.99999667864435,102.00000283840859,7.0,5932.1435546875
147.00000067555308,-44.00000008604669,8.0,5922.59326171875
-11.000000021511672,65.00000067042492,9.0,5964.77880859375
-156.99999867709872,62.99999833804013,10.0,5964.14501953125
-67.00000300280972,-125.99999667608026,4.0,5946.0537109375
-120.00000333930423,-9.000000250447817,10.0,5976.84716796875
-31.999999752116263,25.00000012650595,11.0,5890.87744140625
96.00000267144338,-90.99999684048139,8.0,5996.59521484375
41.00000000256408,65.00000067042492,9.0,5964.8154296875
132.00000367323466,123.99999434369548,9.0,5888.8876953125
39.99999883637168,-92.99999917286618,7.0,6000.76220703125
42.00000116875648,140.9999936783987,5.0,5912.63525390625
-67.00000300280972,-161.99999767787153,5.0,5953.59375
-30.99999858592387,28.99999966863366,5.0,5894.18359375
-30.99999858592387,51.999999170302104,9.0,5921.09375
130.99999567685308,104.99999950679661,7.0,5934.197265625
59.00000050345972,25.999999585151052,11.0,5893.1357421875
-156.99999867709872,9.99999970909292,8.0,5939.3212890625
-12.000000333930423,28.000000209988553,11.0,5893.72802734375
168.0000046750259,120.99999767530745,9.0,5888.369140625
-48.00000133572169,103.99999834060421,5.0,5940.8134765625
4.99999985454646,47.000000169529294,9.0,5929.876953125
-120.99999767530745,-97.999998173639,5.0,6002.09228515625
166.99999667864435,63.99999950423253,9.0,5968.00634765625
149.99999734394112,47.000000169529294,8.0,5920.14013671875
-48.00000133572169,161.99999767787153,6.0,5968.03955078125
4.99999985454646,-61.99999717184774,9.0,5899.50732421875
-48.9999990868195,156.99999867709872,8.0,5968.5068359375
-48.00000133572169,-144.9999983431683,4.0,5920.705078125
-154.99999634471394,-57.0000015861695,7.0,5905.68212890625
78.00000217054775,-57.99999933726732,8.0,5904.7802734375
78.00000217054775,-24.000000667860846,10.0,5978.02197265625
132.00000367323466,-80.99999883893577,8.0,5962.93359375
4.99999985454646,-91.99999800667379,3.0,6006.85693359375
-154.99999634471394,-83.00000117132056,8.0,5962.8505859375
-12.000000333930423,176.99999468018999,5.0,5988.68359375
114.000003172339,-9.99999970909292,7.0,5984.228515625
132.99999800923788,-168.99999901102913,6.0,5961.09228515625
-28.99999966863366,102.99999717441182,6.0,5947.27734375
-176.00000034418676,144.9999983431683,8.0,5920.02490234375
-118.99999534292266,-115.00000433853141,9.0,5993.94482421875
96.00000267144338,173.99999801180195,8.0,5986.796875
-120.00000333930423,-110.99999967376182,10.0,5993.35009765625
-30.000000834826057,161.0000033418683,9.0,5965.66845703125
-137.99999701001067,27.00000075134345,9.0,5896.31396484375
-156.0000043410955,106.000000672989,6.0,5943.42138671875
-12.000000333930423,96.00000267144338,8.0,5940.44287109375
-66.00000183661733,11.000000021511672,8.0,5942.91552734375
-66.00000183661733,163.0000056742531,6.0,5963.56640625
-118.99999534292266,-42.99999891985429,8.0,5921.9970703125
96.00000267144338,-96.00000267144338,8.0,6000.97265625
151.00000534032267,-24.000000667860846,8.0,5967.80908203125
60.000001669652114,-25.999999585151052,9.0,5966.09033203125
114.000003172339,142.00000167478026,8.0,5917.26513671875
-158.00000667348027,-57.0000015861695,7.0,5903.91357421875
-173.99999801180195,-114.000003172339,9.0,5994.966796875
-154.0000020087107,-115.99999867453464,10.0,5996.77392578125
42.00000116875648,-61.000002835844505,9.0,5902.36328125
6.000000166965211,139.99999934239548,8.0,5916.8486328125
21.00000058437824,118.00000100691943,8.0,5894.92626953125
-12.999999792575526,68.99999850500534,7.0,5974.107421875
151.00000534032267,-146.00000633954986,8.0,5931.3916015625
-173.00000367579872,-166.99999667864435,4.0,5974.66845703125
-84.00000233751295,164.00000001025631,6.0,5977.47607421875
-84.99999667351618,-112.00000083995421,9.0,6005.888671875
-137.99999701001067,-110.99999967376182,6.0,6007.9345703125
115.99999867453464,-18.999999959540737,6.0,5982.5810546875
22.999999501668448,7.999999938029066,11.0,5956.8818359375
166.99999667864435,-28.000000209988553,13.0,5984.7333984375
-159.0000010094835,-73.99999750577815,6.0,5967.4931640625
-48.9999990868195,67.00000300280972,8.0,5982.72998046875
78.00000217054775,-78.00000217054775,6.0,5969.751953125
-12.000000333930423,142.9999960107835,5.0,5933.04345703125
149.99999734394112,-178.99999701257477,6.0,5999.5107421875
-137.99999701001067,156.99999867709872,10.0,5979.75439453125
-12.000000333930423,-166.00000234264112,5.0,5970.62548828125
168.0000046750259,89.00000133828577,6.0,5993.1220703125
-102.99999717441182,-178.99999701257477,4.0,6000.54541015625
41.00000000256408,175.00000600818353,9.0,5998.4814453125
-154.0000020087107,-48.00000133572169,11.0,5940.33251953125
96.00000267144338,176.00000034418676,6.0,5999.14990234375
59.00000050345972,-45.00000125223908,11.0,5937.4970703125
79.99999767274336,-95.00000150525098,6.0,6010.44189453125
-12.000000333930423,-108.99999734137702,4.0,6008.484375
96.00000267144338,83.00000117132056,9.0,5994.9267578125
25.00000012650595,-127.99999900846505,7.0,5965.65576171875
-101.00000167221619,-9.99999970909292,5.0,5996.5634765625
-31.999999752116263,-110.99999967376182,7.0,6015.24462890625
-173.99999801180195,-42.99999891985429,9.0,5945.30224609375
-120.00000333930423,-139.00000500639226,5.0,5937.19189453125
114.000003172339,-115.00000433853141,9.0,6014.5166015625
-12.000000333930423,-92.99999917286618,6.0,6021.12841796875
-173.99999801180195,-42.00000116875648,8.0,5947.14990234375
132.00000367323466,-132.00000367323466,9.0,5969.67529296875
168.0000046750259,-12.000000333930423,11.0,6002.2119140625
60.000001669652114,175.00000600818353,8.0,6002.3828125
-11.000000021511672,30.000000834826057,7.0,5911.9814453125
-65.00000067042492,45.00000125223908,8.0,5937.26220703125
6.000000166965211,-45.00000125223908,10.0,5937.71630859375
-28.99999966863366,42.00000116875648,10.0,5938.02734375
-66.00000183661733,161.0000033418683,7.0,5978.4228515625
-118.99999534292266,45.00000125223908,11.0,5936.47216796875
-28.99999966863366,79.99999767274336,10.0,5993.79052734375
6.000000166965211,50.0000002530119,6.0,5935.609375
-83.00000117132056,3.999999969014533,10.0,5960.62841796875
-48.00000133572169,-22.000000043023345,7.0,5984.837890625
-45.999999003336896,-92.99999917286618,7.0,6015.63916015625
-12.000000333930423,-77.00000100435535,7.0,5973.22705078125
-156.0000043410955,-30.99999858592387,14.0,5984.90087890625
-48.00000133572169,-144.00000400716507,7.0,5936.1044921875
-84.00000233751295,-144.00000400716507,6.0,5934.9794921875
-102.00000283840859,139.99999934239548,7.0,5933.6123046875
22.000000043023345,-60.000001669652114,8.0,5917.4609375
-12.999999792575526,-73.99999750577815,5.0,5970.39794921875
166.00000234264112,-79.00000333674014,4.0,5970.9423828125
44.00000008604669,-168.0000046750259,4.0,5984.146484375
-31.999999752116263,-108.99999734137702,10.0,6013.96435546875
42.00000116875648,-164.99999434625954,9.0,5975.84619140625
-84.00000233751295,-3.999999969014533,8.0,6002.416015625
-156.0000043410955,-132.00000367323466,8.0,5970.5087890625
134.00000600561944,-151.00000534032267,8.0,5937.3466796875
-15.000000417413029,-110.99999967376182,8.0,6016.8134765625
61.99999717184774,-146.00000633954986,5.0,5930.8896484375
79.00000333674014,176.99999468018999,7.0,6007.94970703125
-84.00000233751295,-91.99999800667379,5.0,6023.32080078125
-118.99999534292266,163.0000056742531,6.0,5985.962890625
-12.000000333930423,-96.99999700744661,10.0,6022.12451171875
-12.000000333930423,-61.99999717184774,8.0,5922.1064453125
-66.00000183661733,62.99999833804013,8.0,5989.9150390625
-63.99999950423253,104.99999950679661,7.0,5964.7470703125
-156.0000043410955,102.99999717441182,4.0,5969.0048828125
-137.99999701001067,25.00000012650595,8.0,5923.03369140625
-11.000000021511672,79.99999767274336,11.0,6007.392578125
-120.00000333930423,-147.00000067555308,6.0,5946.060546875
-156.0000043410955,-112.00000083995421,7.0,6016.2978515625
-67.00000300280972,45.999999003336896,8.0,5950.97900390625
-28.000000209988553,-72.00000200358254,6.0,5982.201171875
7.000000052497138,-146.00000633954986,6.0,5944.69287109375
-30.99999858592387,-109.99999850756943,6.0,6023.9912109375
62.99999833804013,176.00000034418676,6.0,6013.64599609375
114.000003172339,-98.9999993398314,9.0,6032.8056640625
-82.00000000512816,-80.99999883893577,8.0,5984.1630859375
-28.000000209988553,25.00000012650595,10.0,5925.955078125
-171.99999567941717,-60.000001669652114,9.0,5928.6494140625
-66.00000183661733,161.0000033418683,5.0,5994.41015625
95.00000150525098,-89.00000133828577,6.0,6034.1376953125
151.9999996763259,142.9999960107835,7.0,5947.8408203125
-102.99999717441182,11.000000021511672,8.0,5974.0537109375
149.99999734394112,-108.99999734137702,9.0,6022.662109375
42.00000116875648,-159.99999534548672,8.0,5988.2548828125
-66.00000183661733,-28.99999966863366,10.0,6000.81787109375
-118.00000100691943,-7.000000052497138,9.0,6011.08837890625
-120.00000333930423,-25.00000012650595,8.0,5997.55126953125
130.99999567685308,-178.00000267657154,6.0,6014.32861328125
-102.99999717441182,-61.000002835844505,8.0,5927.51708984375
-12.000000333930423,178.00000267657154,7.0,6014.7041015625
-139.00000500639226,-130.00000134084985,7.0,5974.82470703125
-173.99999801180195,-57.99999933726732,6.0,5927.16455078125
77.00000100435535,44.00000008604669,12.0,5947.294921875
115.00000433853141,118.00000100691943,9.0,5916.51220703125
168.99999901102913,-115.99999867453464,10.0,6020.66455078125
149.99999734394112,3.999999969014533,11.0,5974.02099609375
-120.00000333930423,30.000000834826057,7.0,5923.97509765625
42.99999891985429,123.00000000769224,8.0,5917.36083984375
42.99999891985429,9.99999970909292,7.0,5974.2333984375
7.000000052497138,-161.99999767787153,4.0,5989.8427734375
-100.0000005060238,-79.00000333674014,7.0,5984.607421875
41.00000000256408,85.99999783970858,8.0,6011.9013671875
42.00000116875648,-57.0000015861695,6.0,5930.8095703125
-118.99999534292266,159.99999534548672,7.0,5996.5048828125
-173.00000367579872,-161.99999767787153,5.0,5992.4462890625
24.000000667860846,-144.00000400716507,5.0,5951.88623046875
-101.00000167221619,175.00000600818353,7.0,6020.14794921875
61.000002835844505,31.999999752116263,7.0,5925.72314453125
130.99999567685308,123.00000000769224,7.0,5921.4658203125
24.000000667860846,139.00000500639226,9.0,5949.82763671875
168.99999901102913,22.999999501668448,11.0,5929.25
-83.00000117132056,-15.000000417413029,13.0,6016.513671875
6.000000166965211,-28.99999966863366,9.0,6002.65087890625
-66.00000183661733,-164.00000001025631,4.0,5994.70361328125
114.000003172339,3.999999969014533,11.0,5981.55029296875
-137.00000267400745,28.99999966863366,8.0,5930.64892578125
-120.00000333930423,7.999999938029066,7.0,5982.6845703125
-173.99999801180195,-22.999999501668448,7.0,6007.06005859375
-102.00000283840859,178.99999701257477,5.0,6024.6298828125
-48.00000133572169,-6.000000166965211,9.0,6019.9716796875
-12.000000333930423,66.00000183661733,9.0,6003.96044921875
-122.00000567168901,163.0000056742531,6.0,6002.16650390625
114.000003172339,137.99999701001067,7.0,5954.42041015625
-120.00000333930423,31.999999752116263,8.0,5932.169921875
78.00000217054775,-24.000000667860846,10.0,6007.61181640625
168.0000046750259,12.000000333930423,8.0,5983.32177734375
-173.99999801180195,-154.99999634471394,11.0,5959.40478515625
149.0000030079379,102.99999717441182,6.0,5979.3525390625
75.99999983816295,78.00000217054775,9.0,6015.939453125
24.000000667860846,-114.000003172339,5.0,6033.7099609375
-30.000000834826057,102.00000283840859,8.0,5979.0166015625
130.99999567685308,47.000000169529294,8.0,5960.88134765625
60.000001669652114,159.99999534548672,6.0,6002.9970703125
-83.00000117132056,4.99999985454646,11.0,5983.60205078125
96.00000267144338,84.00000233751295,8.0,6017.62744140625
-65.00000067042492,63.99999950423253,11.0,6003.87353515625
-173.99999801180195,7.000000052497138,8.0,5982.1865234375
22.000000043023345,-110.99999967376182,8.0,6030.28955078125
-66.00000183661733,102.00000283840859,4.0,5969.74755859375
-12.000000333930423,42.99999891985429,12.0,5960.2822265625
-102.99999717441182,47.000000169529294,9.0,5959.3564453125
149.99999734394112,101.00000167221619,9.0,5981.2724609375
168.99999901102913,-144.9999983431683,4.0,5958.98779296875
-137.00000267400745,-92.99999917286618,7.0,6037.51171875
114.000003172339,-56.000000419977106,7.0,5933.5068359375
-139.00000500639226,-42.00000116875648,9.0,5959.09228515625
-12.000000333930423,-110.99999967376182,7.0,6032.994140625
-173.99999801180195,-80.99999883893577,9.0,5990.21630859375
-120.99999767530745,125.00000234007703,7.0,5922.43994140625
-102.99999717441182,-180.00000500895632,6.0,6020.43505859375
6.000000166965211,-144.9999983431683,8.0,5953.70751953125
-156.99999867709872,-127.99999900846505,7.0,5986.04736328125
113.00000200614662,123.00000000769224,9.0,5921.30859375
-84.99999667351618,-78.00000217054775,7.0,5992.078125
-173.99999801180195,161.99999767787153,6.0,6005.42236328125
22.999999501668448,83.00000117132056,7.0,6016.53466796875
78.00000217054775,-9.000000250447817,9.0,6019.20654296875
-12.999999792575526,82.00000000512816,9.0,6016.70947265625
-139.00000500639226,-147.9999950115563,8.0,5955.6396484375
42.99999891985429,-59.00000050345972,10.0,5937.68115234375
95.00000150525098,156.99999867709872,6.0,6002.6142578125
166.99999667864435,79.99999767274336,10.0,6016.94287109375
-12.999999792575526,31.999999752116263,9.0,5931.251953125
130.00000134084985,66.00000183661733,11.0,6007.26904296875
-120.00000333930423,-28.000000209988553,12.0,6008.50146484375
-30.000000834826057,-11.000000021511672,10.0,6019.43115234375
96.00000267144338,48.9999990868195,8.0,5961.1328125
79.00000333674014,11.000000021511672,9.0,5981.86572265625
-30.000000834826057,80.99999883893577,8.0,6016.7236328125
-11.000000021511672,108.99999734137702,8.0,5976.9580078125
149.0000030079379,-128.9999933444683,9.0,5988.59716796875
-156.0000043410955,-28.000000209988553,10.0,6010.865234375
-47.000000169529294,25.00000012650595,10.0,5935.34521484375
132.99999800923788,178.99999701257477,4.0,6025.76904296875
75.99999983816295,-108.0000030053738,6.0,6034.138671875
149.99999734394112,175.00000600818353,6.0,6027.029296875
-100.0000005060238,30.99999858592387,8.0,5936.07470703125
96.00000267144338,42.00000116875648,10.0,5960.07373046875
24.000000667860846,-24.000000667860846,10.0,6009.697265625
6.000000166965211,51.000001419204295,7.0,5960.71142578125
168.0000046750259,-97.999998173639,10.0,6039.69384765625
-47.000000169529294,102.99999717441182,6.0,5976.95703125
149.0000030079379,98.9999993398314,8.0,5975.89501953125
6.000000166965211,-97.999998173639,9.0,6036.015625
-175.00000600818353,101.00000167221619,8.0,5973.9580078125
7.999999938029066,85.99999783970858,8.0,6014.84619140625
44.00000008604669,-30.000000834826057,10.0,6002.92236328125
-135.9999946776259,45.00000125223908,10.0,5957.5849609375
-12.999999792575526,47.000000169529294,5.0,5954.88330078125
-85.99999783970858,-25.999999585151052,6.0,6003.87744140625
22.000000043023345,-98.9999993398314,10.0,6038.95654296875
-67.99999733881295,79.99999767274336,9.0,6018.32763671875
-154.99999634471394,146.00000633954986,6.0,5955.64111328125
-135.9999946776259,139.99999934239548,9.0,5951.421875
22.999999501668448,88.00000017209338,7.0,6018.150390625
-63.99999950423253,118.00000100691943,8.0,5923.84375
168.99999901102913,125.00000234007703,7.0,5930.5205078125
-14.000000104994276,142.00000167478026,7.0,5954.13037109375
-120.00000333930423,-39.99999883637168,9.0,5963.2451171875
134.00000600561944,-180.00000500895632,6.0,6024.69287109375
80.99999883893577,-127.00000467246183,5.0,5991.625
7.999999938029066,-161.0000033418683,3.0,5998.02197265625
78.00000217054775,-73.99999750577815,6.0,5995.90087890625
168.99999901102913,156.0000043410955,11.0,6007.1201171875
41.00000000256408,-74.99999867197056,5.0,6004.02783203125
-47.000000169529294,146.00000633954986,5.0,5956.86962890625
-173.00000367579872,-77.00000100435535,6.0,6000.775390625
-82.00000000512816,139.00000500639226,9.0,5960.9267578125
-82.00000000512816,28.000000209988553,10.0,5941.1943359375
96.99999700744661,9.99999970909292,3.0,5990.4853515625
-83.00000117132056,25.00000012650595,10.0,5940.28173828125
-30.99999858592387,44.00000008604669,10.0,5967.10400390625
132.00000367323466,-110.99999967376182,8.0,6042.3779296875
78.00000217054775,142.00000167478026,7.0,5962.21728515625
132.00000367323466,-125.99999667608026,7.0,5997.19189453125
-102.00000283840859,68.99999850500534,8.0,6014.0947265625
-154.0000020087107,-161.0000033418683,4.0,6001.4033203125
-63.99999950423253,-178.99999701257477,6.0,6030.59228515625
-120.00000333930423,-54.0000015026869,7.0,5942.21240234375
-120.99999767530745,-92.99999917286618,6.0,6043.849609375
-154.99999634471394,118.00000100691943,10.0,5933.38671875
168.0000046750259,-66.00000183661733,10.0,5940.7626953125
149.0000030079379,84.99999667351618,7.0,6021.24853515625
6.000000166965211,27.00000075134345,10.0,5938.3203125
6.000000166965211,97.999998173639,7.0,5981.28662109375
-30.000000834826057,96.00000267144338,8.0,5985.07421875
-102.00000283840859,173.99999801180195,6.0,6029.69580078125
-84.00000233751295,45.999999003336896,9.0,5964.8896484375
149.99999734394112,161.0000033418683,4.0,6005.80908203125
24.000000667860846,-134.00000600561944,10.0,5992.40380859375
-12.999999792575526,-94.00000033905859,7.0,6049.9248046875
96.00000267144338,-24.000000667860846,9.0,6018.73095703125
132.00000367323466,-149.0000030079379,4.0,5968.6611328125
166.99999667864435,-178.99999701257477,5.0,6036.98779296875
-176.00000034418676,-164.99999434625954,4.0,6008.76025390625
130.99999567685308,63.99999950423253,9.0,6020.416015625
-173.99999801180195,28.99999966863366,6.0,5946.994140625
-120.00000333930423,-125.99999667608026,6.0,6001.42919921875
-48.00000133572169,-25.999999585151052,8.0,6022.30224609375
149.99999734394112,140.9999936783987,8.0,5967.8779296875
-102.00000283840859,-42.00000116875648,7.0,5976.3193359375
6.000000166965211,-110.99999967376182,8.0,6045.1396484375
-48.9999990868195,28.99999966863366,10.0,5945.31591796875
149.99999734394112,178.00000267657154,8.0,6037.6435546875
132.00000367323466,7.000000052497138,10.0,5996.79150390625
-67.00000300280972,-149.0000030079379,7.0,5969.8173828125
-30.000000834826057,103.99999834060421,6.0,5992.1591796875
78.00000217054775,-117.0000066709162,11.0,6043.66162109375
96.00000267144338,7.999999938029066,10.0,5999.19091796875
-175.00000600818353,-123.99999434369548,8.0,6000.03955078125
-173.99999801180195,-60.000001669652114,6.0,5951.73876953125
-102.99999717441182,66.00000183661733,9.0,6018.1533203125
60.000001669652114,-78.00000217054775,8.0,6004.697265625
-30.99999858592387,-77.00000100435535,9.0,6002.6826171875
149.0000030079379,106.000000672989,6.0,5987.06787109375
-139.00000500639226,-78.00000217054775,8.0,6002.77392578125
-28.000000209988553,7.999999938029066,8.0,5993.2412109375
-66.00000183661733,-7.999999938029066,9.0,6033.26123046875
132.00000367323466,42.99999891985429,10.0,5974.51123046875
-118.99999534292266,-14.000000104994276,11.0,6034.037109375
-173.00000367579872,28.99999966863366,7.0,5944.8466796875
-48.9999990868195,-163.0000056742531,4.0,6011.9189453125
24.000000667860846,-128.9999933444683,6.0,5998.47607421875
149.99999734394112,-25.999999585151052,10.0,6019.57177734375
60.000001669652114,-45.00000125223908,9.0,5972.87255859375
-47.000000169529294,67.00000300280972,6.0,6019.34765625
24.000000667860846,158.00000667348027,8.0,6015.47900390625
-156.99999867709872,123.00000000769224,6.0,5937.140625
96.00000267144338,-75.99999983816295,8.0,6008.02294921875
42.00000116875648,62.99999833804013,8.0,6020.47314453125
115.00000433853141,-166.00000234264112,5.0,6013.7626953125
-173.00000367579872,79.99999767274336,9.0,6032.7041015625
-30.000000834826057,25.00000012650595,9.0,5944.0341796875
-84.00000233751295,-163.0000056742531,4.0,6004.93505859375
-66.00000183661733,-142.9999960107835,6.0,5971.9931640625
78.00000217054775,142.9999960107835,9.0,5968.669921875
96.00000267144338,147.00000067555308,5.0,5968.478515625
95.00000150525098,-161.99999767787153,4.0,6009.92626953125
24.000000667860846,159.0000010094835,7.0,6017.5615234375
-30.000000834826057,-7.999999938029066,7.0,6035.2021484375
112.00000083995421,-65.00000067042492,9.0,5952.6318359375
6.000000166965211,-127.00000467246183,6.0,6006.541015625
74.99999867197056,123.00000000769224,7.0,5942.04345703125
-156.0000043410955,158.00000667348027,9.0,6020.50048828125
130.99999567685308,-7.000000052497138,8.0,6036.46728515625
6.000000166965211,123.99999434369548,5.0,5942.52099609375
-30.000000834826057,-54.0000015026869,3.0,5907.12060546875
-84.00000233751295,-112.00000083995421,5.0,6037.419921875
-173.99999801180195,176.00000034418676,8.0,6041.904296875
42.00000116875648,-147.00000067555308,5.0,5973.439453125
-14.000000104994276,175.00000600818353,6.0,6041.92236328125
114.000003172339,-151.00000534032267,6.0,5970.25830078125
168.0000046750259,-7.999999938029066,10.0,6033.44677734375
24.000000667860846,139.99999934239548,7.0,5971.91552734375
-102.00000283840859,-178.99999701257477,5.0,6042.6611328125
-65.00000067042492,-42.00000116875648,8.0,5979.18701171875
24.000000667860846,117.0000066709162,7.0,5947.5107421875
24.000000667860846,158.00000667348027,6.0,6019.63427734375
6.000000166965211,44.00000008604669,11.0,5974.583984375
-66.00000183661733,120.00000333930423,8.0,5945.97998046875
-63.99999950423253,147.00000067555308,5.0,5970.55029296875
-83.00000117132056,-127.99999900846505,7.0,6003.845703125
-102.00000283840859,161.0000033418683,6.0,6020.30322265625
-120.00000333930423,-159.0000010094835,4.0,6014.8876953125
-118.00000100691943,-164.00000001025631,6.0,6015.28271484375
-175.00000600818353,166.99999667864435,6.0,6021.923828125
112.00000083995421,-110.99999967376182,6.0,6048.41748046875
24.000000667860846,-128.9999933444683,7.0,6003.8935546875
-171.99999567941717,79.00000333674014,10.0,6038.55908203125
61.99999717184774,-112.00000083995421,8.0,6049.33203125
79.99999767274336,61.99999717184774,11.0,6025.10205078125
-84.00000233751295,-63.99999950423253,7.0,5956.8876953125
-118.99999534292266,22.000000043023345,9.0,5954.1494140625
169.99999334703236,123.99999434369548,5.0,5946.1611328125
168.99999901102913,178.00000267657154,7.0,6044.30419921875
45.00000125223908,-97.999998173639,7.0,6060.07666015625
149.99999734394112,48.00000133572169,6.0,5976.603515625
-137.99999701001067,-7.999999938029066,7.0,6038.73095703125
-45.999999003336896,-78.00000217054775,9.0,6014.3046875
-48.00000133572169,-125.99999667608026,7.0,6007.27392578125
-154.99999634471394,137.99999701001067,8.0,5974.06005859375
-11.000000021511672,178.00000267657154,4.0,6043.73779296875
-173.99999801180195,-161.0000033418683,4.0,6018.2060546875
-156.0000043410955,139.99999934239548,7.0,5973.1025390625
-83.00000117132056,-62.99999833804013,7.0,5955.83154296875
-84.99999667351618,-125.00000234007703,6.0,6009.90576171875
96.00000267144338,-149.99999734394112,9.0,5978.67578125
-28.99999966863366,-100.0000005060238,10.0,6059.41845703125
149.99999734394112,-79.00000333674014,9.0,6017.17822265625
78.00000217054775,-75.99999983816295,7.0,6012.078125
96.00000267144338,-24.000000667860846,8.0,6030.23876953125
-137.99999701001067,159.0000010094835,7.0,6026.31982421875
-137.99999701001067,80.99999883893577,8.0,6040.32763671875
-9.99999970909292,67.99999733881295,8.0,6030.685546875
4.99999985454646,-125.00000234007703,7.0,6009.3291015625
132.00000367323466,97.999998173639,7.0,6001.1728515625
25.00000012650595,-25.999999585151052,9.0,6030.0517578125
113.00000200614662,159.99999534548672,9.0,6027.84228515625
42.00000116875648,85.99999783970858,8.0,6040.4931640625
151.00000534032267,137.00000267400745,8.0,5974.92919921875
-154.99999634471394,120.99999767530745,9.0,5949.830078125
42.00000116875648,-44.00000008604669,10.0,5983.7255859375
-12.000000333930423,-94.00000033905859,6.0,6060.92626953125
6.000000166965211,65.00000067042492,8.0,6025.5986328125
78.00000217054775,175.00000600818353,5.0,6045.140625
-102.00000283840859,144.00000400716507,6.0,5970.53564453125
-66.00000183661733,-34.99999983559887,12.0,6027.35009765625
-120.00000333930423,-7.000000052497138,8.0,6042.0634765625
-101.00000167221619,140.9999936783987,8.0,5974.4296875
-30.000000834826057,101.00000167221619,7.0,6000.58154296875
-28.000000209988553,-146.00000633954986,4.0,5979.6728515625
168.0000046750259,-109.99999850756943,9.0,6053.16162109375
96.00000267144338,-146.00000633954986,5.0,5978.5966796875
168.99999901102913,159.99999534548672,9.0,6023.13330078125
-12.999999792575526,-61.000002835844505,10.0,5958.658203125
44.00000008604669,118.99999534292266,8.0,5948.29736328125
149.99999734394112,97.999998173639,8.0,5999.29931640625
-30.000000834826057,137.00000267400745,11.0,5970.7353515625
96.00000267144338,-147.9999950115563,7.0,5974.15185546875
-137.99999701001067,-140.9999936783987,7.0,5977.23095703125
132.00000367323466,107.00000183918141,5.0,5997.95849609375
96.99999700744661,178.00000267657154,6.0,6042.3154296875
-12.000000333930423,24.000000667860846,11.0,5948.455078125
42.00000116875648,-78.00000217054775,7.0,6010.4443359375
61.000002835844505,-44.00000008604669,11.0,5984.9384765625
151.9999996763259,-47.000000169529294,10.0,5982.041015625
130.99999567685308,175.00000600818353,8.0,6044.73779296875
-48.00000133572169,-63.99999950423253,10.0,5959.74072265625
39.00000108527387,127.99999900846505,3.0,5947.4912109375
168.99999901102913,28.99999966863366,8.0,5951.34716796875
22.999999501668448,-96.00000267144338,7.0,6058.62646484375
132.99999800923788,-61.000002835844505,9.0,5957.51708984375
110.99999967376182,-110.99999967376182,9.0,6054.68408203125
-137.99999701001067,-45.999999003336896,11.0,5981.8115234375
96.00000267144338,-65.00000067042492,9.0,5956.97607421875
4.99999985454646,-108.99999734137702,5.0,6053.26611328125
132.00000367323466,144.9999983431683,6.0,5976.17578125
-156.99999867709872,-60.000001669652114,7.0,5955.67333984375
-12.999999792575526,-161.0000033418683,7.0,6019.1103515625
25.00000012650595,18.999999959540737,10.0,5952.78515625
128.9999933444683,104.99999950679661,8.0,5997.7431640625
-154.99999634471394,-120.99999767530745,11.0,6051.17529296875
-66.00000183661733,65.00000067042492,9.0,6024.544921875
59.00000050345972,-130.99999567685308,7.0,6009.31640625
7.000000052497138,-96.00000267144338,7.0,6060.5986328125
95.00000150525098,-25.00000012650595,7.0,6028.79931640625
-137.99999701001067,-45.00000125223908,8.0,5979.966796875
-154.99999634471394,-166.00000234264112,6.0,6019.39990234375
-30.000000834826057,98.9999993398314,7.0,6000.8232421875
41.00000000256408,-80.99999883893577,8.0,6014.92626953125
-48.00000133572169,-24.000000667860846,8.0,6026.36279296875
115.00000433853141,-9.99999970909292,7.0,6043.80419921875
-14.000000104994276,-45.999999003336896,10.0,5981.8818359375
24.000000667860846,-96.00000267144338,7.0,6062.68115234375
-156.0000043410955,120.00000333930423,7.0,5947.87255859375
-156.0000043410955,134.00000600561944,8.0,5974.24658203125
-83.00000117132056,-80.99999883893577,8.0,6017.42724609375
-28.99999966863366,82.00000000512816,11.0,6041.8408203125
-28.99999966863366,159.99999534548672,6.0,6024.4736328125
-11.000000021511672,45.999999003336896,9.0,5982.63232421875
-65.00000067042492,127.00000467246183,6.0,5949.3037109375
-173.00000367579872,123.00000000769224,4.0,5949.955078125
24.000000667860846,175.00000600818353,8.0,6049.57861328125
96.99999700744661,9.000000250447817,8.0,6005.8369140625
7.000000052497138,176.00000034418676,7.0,6053.69921875
-173.00000367579872,-27.00000075134345,10.0,6032.71142578125
7.000000052497138,106.000000672989,5.0,6007.35205078125
60.000001669652114,176.99999468018999,7.0,6054.47802734375
-84.00000233751295,-130.00000134084985,8.0,6013.1826171875
25.999999585151052,156.99999867709872,8.0,6031.60888671875
-63.99999950423253,-144.9999983431683,7.0,5987.22607421875
132.99999800923788,178.99999701257477,8.0,6054.15771484375
151.00000534032267,65.00000067042492,7.0,6034.451171875
115.99999867453464,84.99999667351618,7.0,6048.12158203125
151.00000534032267,80.99999883893577,8.0,6048.01318359375
171.00000134341394,178.99999701257477,5.0,6053.88720703125
78.00000217054775,-61.99999717184774,8.0,5967.06787109375
4.99999985454646,-74.99999867197056,8.0,6021.39453125
60.000001669652114,7.999999938029066,8.0,6012.0869140625
-122.00000567168901,-156.99999867709872,4.0,6027.85498046875
132.00000367323466,139.99999934239548,8.0,5982.24169921875
-173.00000367579872,88.00000017209338,11.0,6009.46533203125
169.99999334703236,79.99999767274336,10.0,6050.005859375
-30.000000834826057,161.99999767787153,6.0,6033.861328125
-118.00000100691943,22.999999501668448,11.0,5965.89208984375
149.99999734394112,106.000000672989,9.0,6008.0234375
114.000003172339,-63.99999950423253,10.0,5968.509765625
-120.00000333930423,102.99999717441182,6.0,6013.62744140625
-135.9999946776259,161.99999767787153,5.0,6034.10791015625
-84.00000233751295,156.99999867709872,6.0,6033.82421875
3.999999969014533,-120.99999767530745,10.0,6065.1669921875
61.99999717184774,62.99999833804013,9.0,6035.30078125
-12.000000333930423,47.000000169529294,10.0,5991.77099609375
149.99999734394112,115.99999867453464,11.0,5956.63427734375
115.00000433853141,101.00000167221619,10.0,6009.609375
4.99999985454646,66.00000183661733,8.0,6038.3681640625
79.00000333674014,-115.00000433853141,8.0,6063.31298828125
166.99999667864435,164.99999434625954,4.0,6034.8974609375
7.999999938029066,25.00000012650595,7.0,5967.017578125
112.00000083995421,-61.99999717184774,7.0,5970.33837890625
-120.00000333930423,97.999998173639,11.0,6010.58154296875
60.000001669652114,-90.00000250447816,5.0,6072.33837890625
115.99999867453464,60.000001669652114,13.0,6036.16064453125
-12.000000333930423,139.99999934239548,7.0,5984.20703125
9.000000250447817,-149.0000030079379,9.0,5991.13916015625
151.00000534032267,-28.000000209988553,10.0,6040.712890625
24.000000667860846,83.00000117132056,8.0,6051.9921875
61.99999717184774,-30.000000834826057,11.0,6040.28759765625
-139.00000500639226,178.99999701257477,8.0,6057.74560546875
-173.00000367579872,102.99999717441182,7.0,6008.9169921875
-65.00000067042492,31.999999752116263,8.0,5964.01123046875
-120.99999767530745,125.00000234007703,7.0,5958.5048828125
-45.999999003336896,33.000000918308665,7.0,5966.56689453125
-173.00000367579872,50.0000002530119,8.0,5992.19873046875
44.00000008604669,123.99999434369548,4.0,5955.201171875
-82.00000000512816,4.99999985454646,10.0,6015.08447265625
44.00000008604669,45.00000125223908,8.0,5990.52099609375
-83.00000117132056,-164.00000001025631,5.0,6030.0361328125
97.999998173639,-142.9999960107835,6.0,5990.7509765625
113.00000200614662,161.0000033418683,6.0,6037.97802734375
132.00000367323466,61.000002835844505,10.0,6040.72314453125
149.99999734394112,163.0000056742531,7.0,6036.2666015625
-30.000000834826057,128.9999933444683,3.0,5960.9375
-135.9999946776259,-130.99999567685308,8.0,6016.2705078125
97.999998173639,47.000000169529294,8.0,5994.8232421875
44.00000008604669,125.99999667608026,4.0,5959.0390625
-100.0000005060238,-79.00000333674014,7.0,6025.05615234375
-83.00000117132056,30.99999858592387,8.0,5966.56689453125
114.000003172339,-166.00000234264112,10.0,6028.783203125
-154.0000020087107,42.99999891985429,14.0,5995.732421875
-12.000000333930423,161.99999767787153,6.0,6037.40966796875
75.99999983816295,-73.99999750577815,7.0,6025.22509765625
57.99999933726732,78.00000217054775,10.0,6050.4794921875
-45.00000125223908,-114.000003172339,8.0,6068.521484375
168.99999901102913,-42.99999891985429,8.0,5998.65185546875
-83.00000117132056,139.00000500639226,6.0,5988.51220703125
42.00000116875648,-25.00000012650595,9.0,6039.6484375
-28.000000209988553,142.9999960107835,5.0,5978.88623046875
96.99999700744661,-57.0000015861695,10.0,5971.97509765625
7.999999938029066,47.000000169529294,8.0,5991.3203125
-30.000000834826057,-42.00000116875648,7.0,5994.212890625
-137.99999701001067,-44.00000008604669,8.0,5995.623046875
-154.99999634471394,12.000000333930423,6.0,6016.00244140625
-120.00000333930423,-128.9999933444683,9.0,6023.35595703125
115.99999867453464,-94.00000033905859,8.0,6074.087890625
61.99999717184774,3.999999969014533,10.0,6018.54638671875
152.99999401232913,102.99999717441182,5.0,6014.796875
135.00000034162267,-78.00000217054775,9.0,6028.86328125
-100.0000005060238,83.00000117132056,10.0,6051.6142578125
96.99999700744661,-96.00000267144338,8.0,6074.27099609375
-102.99999717441182,85.99999783970858,9.0,6050.5625
-12.000000333930423,-21.00000058437824,7.0,6043.4755859375
61.000002835844505,-42.00000116875648,8.0,5994.5048828125
-137.00000267400745,122.00000567168901,7.0,5957.54833984375
60.000001669652114,-48.00000133572169,11.0,5991.4853515625
171.00000134341394,-171.00000134341394,7.0,6030.65869140625
-11.000000021511672,90.00000250447816,5.0,6051.89892578125
44.00000008604669,45.999999003336896,8.0,5993.7587890625
-12.999999792575526,15.999999876058132,6.0,6016.7724609375
77.00000100435535,44.00000008604669,10.0,5995.01171875
96.00000267144338,-74.99999867197056,9.0,6026.912109375
-11.000000021511672,140.9999936783987,7.0,5987.20068359375
149.99999734394112,7.000000052497138,7.0,6014.8916015625
96.00000267144338,-115.00000433853141,8.0,6068.91650390625
-11.000000021511672,-73.00000316977493,4.0,6028.56884765625
42.99999891985429,-161.0000033418683,5.0,6032.0859375
-28.99999966863366,139.99999934239548,8.0,5984.1103515625
-156.0000043410955,-92.99999917286618,8.0,6076.72705078125
-175.00000600818353,-61.99999717184774,7.0,5973.87744140625
-84.99999667351618,-161.0000033418683,3.0,6034.00537109375
4.99999985454646,84.00000233751295,8.0,6053.46337890625
-84.00000233751295,173.99999801180195,8.0,6060.37646484375
-48.00000133572169,79.99999767274336,11.0,6052.6181640625
115.99999867453464,-109.99999850756943,7.0,6065.9833984375
-118.99999534292266,62.99999833804013,8.0,6041.59521484375
24.000000667860846,9.000000250447817,11.0,6017.17919921875
6.000000166965211,-25.999999585151052,11.0,6044.24169921875
115.00000433853141,-164.00000001025631,6.0,6033.6845703125
-11.000000021511672,-163.0000056742531,5.0,6033.03271484375
-139.00000500639226,-90.99999684048139,5.0,6074.794921875
114.000003172339,-79.99999767274336,6.0,6032.38818359375
78.00000217054775,142.9999960107835,9.0,5987.66845703125
-30.000000834826057,65.00000067042492,7.0,6042.5537109375
25.999999585151052,-164.99999434625954,7.0,6032.76220703125
-137.99999701001067,140.9999936783987,5.0,5990.83837890625
-137.99999701001067,-128.9999933444683,5.0,6021.96728515625
61.000002835844505,120.00000333930423,9.0,5964.0224609375
-66.00000183661733,-24.000000667860846,10.0,6042.1171875
-12.000000333930423,3.0000000834826057,11.0,6020.2294921875
151.00000534032267,-59.00000050345972,7.0,5975.80126953125
6.000000166965211,-63.99999950423253,9.0,5974.2255859375
114.000003172339,-109.99999850756943,7.0,6069.14990234375
-120.00000333930423,139.99999934239548,9.0,5986.60888671875
-30.000000834826057,-12.000000333930423,9.0,6055.37841796875
-83.00000117132056,-22.999999501668448,9.0,6045.763671875
132.00000367323466,-22.999999501668448,7.0,6044.53759765625
132.00000367323466,7.999999938029066,8.0,6023.447265625
-102.99999717441182,-128.9999933444683,9.0,6025.861328125
78.00000217054775,82.00000000512816,7.0,6056.076171875
59.00000050345972,9.99999970909292,8.0,6023.7861328125
164.99999434625954,-108.99999734137702,8.0,6076.68603515625
149.99999734394112,-123.99999434369548,8.0,6036.345703125
-118.99999534292266,140.9999936783987,7.0,6002.19873046875
114.000003172339,-166.00000234264112,5.0,6045.66943359375
61.000002835844505,118.99999534292266,7.0,5975.32568359375
21.00000058437824,11.000000021511672,8.0,6033.48291015625
-66.00000183661733,-117.0000066709162,9.0,6085.17822265625
59.00000050345972,-75.99999983816295,3.0,6047.064453125
-102.99999717441182,-147.00000067555308,6.0,6012.5966796875
113.00000200614662,33.000000918308665,5.0,5988.0859375
132.00000367323466,22.000000043023345,9.0,5992.8369140625
42.99999891985429,123.99999434369548,7.0,5982.69580078125
-118.00000100691943,-113.00000200614662,8.0,6091.072265625
-30.000000834826057,-112.00000083995421,7.0,6095.71728515625
-30.99999858592387,-22.999999501668448,9.0,6073.7841796875
130.99999567685308,28.000000209988553,5.0,5994.33935546875
115.00000433853141,63.99999950423253,10.0,6069.0400390625
59.00000050345972,163.0000056742531,6.0,6064.48046875
96.00000267144338,-79.00000333674014,3.0,6063.3857421875
114.000003172339,67.99999733881295,8.0,6072.66357421875
-11.000000021511672,-108.0000030053738,6.0,6104.06591796875
-30.99999858592387,-178.99999701257477,4.0,6092.5615234375
-47.000000169529294,-127.00000467246183,8.0,6060.93701171875
-12.000000333930423,-176.00000034418676,2.0,6093.72265625
-173.00000367579872,69.99999967119774,10.0,6080.0087890625
-11.000000021511672,-166.00000234264112,6.0,6067.8232421875
-103.99999834060421,30.000000834826057,6.0,6006.642578125
-139.00000500639226,103.99999834060421,5.0,6047.13916015625
130.99999567685308,-130.00000134084985,7.0,6062.0205078125
25.00000012650595,-21.00000058437824,8.0,6082.7607421875
166.00000234264112,-132.00000367323466,9.0,6064.0791015625
112.00000083995421,61.99999717184774,9.0,6082.57373046875
-102.99999717441182,161.99999767787153,7.0,6080.68310546875
42.00000116875648,-120.00000333930423,4.0,6063.501953125
-30.000000834826057,-96.00000267144338,8.0,6114.67138671875
-101.00000167221619,-91.99999800667379,6.0,6113.4521484375
59.00000050345972,-108.0000030053738,7.0,6106.17919921875
94.00000033905859,-146.00000633954986,6.0,6031.37646484375
-9.99999970909292,6.000000166965211,10.0,6053.9052734375
-139.99999934239548,-164.00000001025631,7.0,6070.40234375
-31.999999752116263,-6.000000166965211,7.0,6094.68994140625
4.99999985454646,30.99999858592387,6.0,6007.36328125
-67.99999733881295,-180.00000500895632,5.0,6099.87744140625
79.00000333674014,-54.999999253784715,7.0,6013.85595703125
-28.000000209988553,-114.000003172339,7.0,6110.634765625
147.9999950115563,-112.00000083995421,8.0,6109.13232421875
113.00000200614662,122.00000567168901,3.0,6000.8701171875
115.00000433853141,65.00000067042492,10.0,6079.71337890625
-102.99999717441182,31.999999752116263,7.0,6008.7021484375
-11.000000021511672,-79.00000333674014,7.0,6069.1337890625
-101.00000167221619,-25.999999585151052,8.0,6088.3671875
-139.00000500639226,-94.00000033905859,6.0,6118.77734375
60.000001669652114,173.00000367579872,7.0,6101.9375
-173.00000367579872,-73.99999750577815,6.0,6068.41162109375
-156.99999867709872,144.00000400716507,7.0,6031.9228515625
130.99999567685308,127.99999900846505,5.0,6003.79443359375
-137.99999701001067,33.000000918308665,8.0,6013.1142578125
-84.00000233751295,100.0000005060238,7.0,6055.27001953125
-11.000000021511672,123.00000000769224,7.0,6004.32861328125
57.0000015861695,-108.99999734137702,7.0,6111.14794921875
166.99999667864435,173.99999801180195,7.0,6096.89453125
22.999999501668448,-59.00000050345972,9.0,6015.58544921875
-173.99999801180195,-176.00000034418676,4.0,6106.2431640625
168.99999901102913,-147.9999950115563,7.0,6037.0029296875
-48.9999990868195,-137.99999701001067,5.0,6037.40625
130.00000134084985,-94.00000033905859,8.0,6119.1884765625
-84.99999667351618,154.0000020087107,8.0,6085.21923828125
-156.99999867709872,122.00000567168901,6.0,6008.19189453125
42.00000116875648,-161.0000033418683,6.0,6075.95947265625
42.00000116875648,139.99999934239548,7.0,6033.1103515625
132.99999800923788,-25.999999585151052,10.0,6091.08154296875
151.00000534032267,-109.99999850756943,9.0,6116.638671875
-154.0000020087107,-9.99999970909292,11.0,6102.5751953125
-118.99999534292266,163.0000056742531,4.0,6086.29931640625
-85.99999783970858,-91.99999800667379,6.0,6123.37158203125
-173.99999801180195,-166.00000234264112,7.0,6078.013671875
-12.999999792575526,1.9999999845072665,11.0,6066.39892578125
60.000001669652114,156.0000043410955,8.0,6082.06982421875
95.00000150525098,-159.99999534548672,3.0,6076.22900390625
-139.99999934239548,-139.00000500639226,4.0,6039.08447265625
147.00000067555308,45.00000125223908,12.0,6047.20703125
-102.00000283840859,-125.00000234007703,7.0,6076.31494140625
-66.00000183661733,-6.000000166965211,8.0,6101.62158203125
42.99999891985429,-28.99999966863366,9.0,6091.869140625
-12.000000333930423,-78.00000217054775,7.0,6072.052734375
-67.00000300280972,164.00000001025631,6.0,6085.6962890625
-123.00000000769224,9.99999970909292,8.0,6061.54052734375
57.99999933726732,120.99999767530745,8.0,6007.17333984375
-12.999999792575526,-77.00000100435535,7.0,6071.82470703125
22.000000043023345,61.99999717184774,10.0,6088.07763671875
113.00000200614662,-12.999999792575526,10.0,6102.71630859375
-122.00000567168901,-44.00000008604669,10.0,6047.39892578125
132.00000367323466,-176.99999468018999,3.0,6102.779296875
57.99999933726732,-41.00000000256408,9.0,6048.51123046875
168.99999901102913,85.99999783970858,6.0,6101.33447265625
-173.99999801180195,106.000000672989,6.0,6059.37060546875
132.99999800923788,142.9999960107835,10.0,6041.53271484375
-120.00000333930423,-24.000000667860846,6.0,6093.8291015625
-67.00000300280972,147.9999950115563,5.0,6033.5126953125
-48.9999990868195,-59.00000050345972,8.0,6017.7109375
-156.99999867709872,106.000000672989,8.0,6058.20654296875
-48.9999990868195,-54.999999253784715,4.0,6019.8154296875
-66.00000183661733,-130.00000134084985,9.0,6075.34228515625
94.00000033905859,-19.99999941818584,9.0,6091.412109375
-137.00000267400745,-180.00000500895632,6.0,6105.89404296875
-48.9999990868195,-45.999999003336896,9.0,6047.44091796875
112.00000083995421,144.00000400716507,8.0,6040.38232421875
-139.00000500639226,48.9999990868195,9.0,6044.28955078125
75.99999983816295,47.000000169529294,11.0,6042.0986328125
-139.99999934239548,123.99999434369548,8.0,6006.66650390625
57.99999933726732,68.99999850500534,8.0,6092.78564453125
-120.00000333930423,-125.99999667608026,5.0,6073.0439453125
149.0000030079379,125.00000234007703,7.0,6007.5771484375
-65.00000067042492,9.99999970909292,7.0,6063.39208984375
-84.99999667351618,-115.00000433853141,8.0,6114.0966796875
-173.99999801180195,107.00000183918141,6.0,6059.4345703125
168.0000046750259,164.99999434625954,7.0,6090.80810546875
59.00000050345972,-56.000000419977106,7.0,6018.55908203125
60.000001669652114,142.00000167478026,9.0,6043.716796875
57.99999933726732,-39.99999883637168,9.0,6048.35107421875
132.00000367323466,-4.99999985454646,7.0,6103.3056640625
-103.99999834060421,84.99999667351618,8.0,6098.955078125
39.00000108527387,-106.000000672989,8.0,6120.7451171875
-14.000000104994276,-61.000002835844505,10.0,6018.33447265625
75.99999983816295,62.99999833804013,11.0,6091.0712890625
-50.0000002530119,-127.99999900846505,6.0,6051.90673828125
166.00000234264112,-144.00000400716507,8.0,6038.05126953125
-139.99999934239548,-57.0000015861695,10.0,6020.62646484375
75.99999983816295,89.00000133828577,3.0,6102.77490234375
-103.99999834060421,-113.00000200614662,9.0,6123.03564453125
147.9999950115563,51.000001419204295,9.0,6051.0341796875
149.0000030079379,80.99999883893577,11.0,6099.54248046875
-158.00000667348027,-127.99999900846505,7.0,6076.13720703125
75.99999983816295,-60.000001669652114,7.0,6017.63818359375
149.0000030079379,-142.9999960107835,6.0,6037.5908203125
-50.0000002530119,-107.00000183918141,6.0,6118.5283203125
-84.99999667351618,50.0000002530119,9.0,6047.6416015625
41.00000000256408,85.99999783970858,9.0,6097.43115234375
-156.99999867709872,-113.00000200614662,8.0,6114.611328125
-156.99999867709872,-142.9999960107835,6.0,6039.0615234375
149.0000030079379,85.99999783970858,6.0,6099.68017578125
132.00000367323466,33.99999866940647,8.0,6016.08984375
3.999999969014533,-144.9999983431683,7.0,6037.78076171875
-67.00000300280972,85.99999783970858,6.0,6098.47509765625
166.99999667864435,-178.99999701257477,7.0,6106.87158203125
-120.99999767530745,-91.99999800667379,5.0,6123.015625
-50.0000002530119,-57.0000015861695,9.0,6018.4990234375
130.99999567685308,30.99999858592387,7.0,6015.52685546875
-84.99999667351618,-74.99999867197056,6.0,6073.1376953125
-31.999999752116263,79.99999767274336,8.0,6102.91552734375
94.00000033905859,30.99999858592387,8.0,6017.3427734375
-122.00000567168901,-90.00000250447816,8.0,6122.82763671875
4.99999985454646,-95.00000150525098,7.0,6123.125
-139.99999934239548,83.00000117132056,8.0,6102.56982421875
-156.99999867709872,-3.0000000834826057,7.0,6103.74365234375
21.00000058437824,-96.00000267144338,9.0,6131.48388671875
-14.000000104994276,122.00000567168901,7.0,6023.21044921875
-48.9999990868195,-7.999999938029066,9.0,6115.1396484375
3.999999969014533,12.000000333930423,8.0,6075.57666015625
75.99999983816295,140.9999936783987,6.0,6055.58349609375
22.999999501668448,106.000000672989,7.0,6073.14794921875
4.99999985454646,137.99999701001067,8.0,6052.3896484375
113.00000200614662,-95.00000150525098,7.0,6133.3525390625
60.000001669652114,-54.0000015026869,7.0,6030.166015625
59.00000050345972,-139.99999934239548,2.0,6049.90576171875
59.00000050345972,118.00000100691943,8.0,6019.6572265625
22.999999501668448,164.99999434625954,5.0,6101.75830078125
-139.00000500639226,53.0000003364945,10.0,6060.6396484375
57.99999933726732,12.000000333930423,8.0,6073.20361328125
112.00000083995421,-146.00000633954986,6.0,6051.12744140625
-122.00000567168901,125.99999667608026,7.0,6022.11865234375
-103.99999834060421,-22.000000043023345,8.0,6105.2470703125
-12.999999792575526,-132.00000367323466,11.0,6084.46923828125
-48.9999990868195,45.00000125223908,11.0,6058.9013671875
57.99999933726732,-79.99999767274336,9.0,6083.09716796875
-84.99999667351618,168.0000046750259,6.0,6097.06201171875
42.00000116875648,-130.00000134084985,9.0,6087.10546875
-67.00000300280972,-9.000000250447817,10.0,6112.15087890625
-139.99999934239548,-73.99999750577815,7.0,6086.67333984375
-140.9999936783987,-62.99999833804013,6.0,6029.6630859375
57.99999933726732,-7.999999938029066,9.0,6113.7236328125
7.999999938029066,-34.99999983559887,12.0,6100.98779296875
-176.00000034418676,156.0000043410955,7.0,6094.09228515625
41.00000000256408,12.000000333930423,5.0,6072.46435546875
-82.00000000512816,61.000002835844505,12.0,6098.8564453125
-12.999999792575526,-61.000002835844505,9.0,6026.748046875
-103.99999834060421,-127.00000467246183,7.0,6078.4736328125
164.99999434625954,164.00000001025631,6.0,6091.2353515625
-176.99999468018999,-110.99999967376182,7.0,6119.36181640625
-120.99999767530745,63.99999950423253,9.0,6094.3935546875
22.999999501668448,11.000000021511672,6.0,6062.3818359375
146.00000633954986,-41.00000000256408,10.0,6048.41259765625
77.00000100435535,14.000000104994276,7.0,6063.07177734375
112.00000083995421,-95.00000150525098,6.0,6119.65673828125
-102.99999717441182,-166.00000234264112,5.0,6075.6064453125
130.99999567685308,48.00000133572169,10.0,6040.07763671875
6.000000166965211,175.00000600818353,8.0,6104.173828125
-173.99999801180195,11.000000021511672,9.0,6060.986328125
-67.99999733881295,-74.99999867197056,6.0,6071.72705078125
59.00000050345972,-90.99999684048139,4.0,6116.05224609375
-178.00000267657154,30.000000834826057,9.0,6011.6865234375
-158.00000667348027,-37.999999919081475,8.0,6048.42724609375
-139.99999934239548,-104.99999950679661,4.0,6110.46875
-175.00000600818353,-0.9999999922536332,5.0,6096.27197265625
-84.99999667351618,-60.000001669652114,8.0,6012.81201171875
75.99999983816295,82.00000000512816,9.0,6096.8115234375
166.00000234264112,-154.99999634471394,4.0,6074.27783203125
-84.00000233751295,-61.000002835844505,8.0,6011.572265625
-137.00000267400745,62.99999833804013,7.0,6088.443359375
-30.000000834826057,84.99999667351618,7.0,6097.26416015625
130.00000134084985,130.99999567685308,3.0,6006.9375
57.99999933726732,-149.99999734394112,10.0,6037.6962890625
-137.00000267400745,-144.9999983431683,6.0,6034.74072265625
41.00000000256408,63.99999950423253,10.0,6086.84912109375
147.9999950115563,85.99999783970858,10.0,6092.90087890625
75.99999983816295,-3.999999969014533,8.0,6095.587890625
41.00000000256408,101.00000167221619,7.0,6048.71533203125
-139.00000500639226,-144.9999983431683,7.0,6032.5029296875
168.0000046750259,-22.000000043023345,9.0,6082.892578125
22.999999501668448,-28.000000209988553,10.0,6089.25048828125
39.00000108527387,-146.00000633954986,7.0,6031.64453125
-12.999999792575526,25.999999585151052,12.0,6006.85302734375
-33.000000918308665,-108.0000030053738,7.0,6114.748046875
-15.999999876058132,106.000000672989,8.0,6052.533203125
-31.999999752116263,67.00000300280972,8.0,6087.3896484375
147.9999950115563,-127.99999900846505,10.0,6067.1875
-15.999999876058132,-28.000000209988553,11.0,6087.25244140625
-48.00000133572169,9.000000250447817,10.0,6054.57861328125
-30.000000834826057,-156.99999867709872,6.0,6064.9609375
130.00000134084985,-176.99999468018999,2.0,6095.79150390625
147.9999950115563,-161.99999767787153,5.0,6067.0224609375
-48.9999990868195,-56.000000419977106,8.0,6009.4130859375
-50.0000002530119,-127.99999900846505,7.0,6067.5068359375
-158.00000667348027,-98.9999993398314,9.0,6112.111328125
3.999999969014533,14.000000104994276,8.0,6051.8642578125
60.000001669652114,-130.00000134084985,9.0,6065.9375
59.00000050345972,-30.000000834826057,10.0,6085.86328125
-66.00000183661733,-110.99999967376182,5.0,6110.4482421875
147.00000067555308,-42.99999891985429,10.0,6042.80908203125
-47.000000169529294,-25.999999585151052,8.0,6084.53271484375
130.00000134084985,161.99999767787153,5.0,6080.9736328125
41.00000000256408,-28.000000209988553,12.0,6081.802734375
-158.00000667348027,89.00000133828577,5.0,6090.5029296875
-102.99999717441182,-74.99999867197056,6.0,6064.048828125
112.00000083995421,161.0000033418683,8.0,6083.091796875
-173.99999801180195,120.00000333930423,9.0,6000.6591796875
6.000000166965211,-9.000000250447817,8.0,6092.92041015625
-48.9999990868195,-59.00000050345972,8.0,6009.3388671875
3.999999969014533,7.000000052497138,10.0,6049.10791015625
130.00000134084985,-178.00000267657154,5.0,6098.634765625
-142.00000167478026,-73.00000316977493,5.0,6061.52490234375
-48.00000133572169,-142.00000167478026,4.0,6028.78955078125
-176.00000034418676,-176.00000034418676,5.0,6095.72705078125
22.999999501668448,-28.99999966863366,10.0,6083.71728515625
149.0000030079379,139.00000500639226,8.0,6029.9501953125
39.99999883637168,163.0000056742531,6.0,6081.9306640625
-31.999999752116263,51.000001419204295,7.0,6037.7109375
-158.00000667348027,-108.0000030053738,8.0,6108.76708984375
-103.99999834060421,159.99999534548672,8.0,6077.64892578125
-158.00000667348027,161.99999767787153,8.0,6079.12646484375
-120.00000333930423,-90.00000250447816,6.0,6109.3974609375
-28.99999966863366,159.99999534548672,7.0,6072.37353515625
-86.99999900590097,15.000000417413029,7.0,6040.82568359375
74.99999867197056,-159.99999534548672,5.0,6056.5830078125
127.99999900846505,108.99999734137702,3.0,6041.1171875
39.00000108527387,-163.0000056742531,6.0,6058.37451171875
-48.9999990868195,-19.99999941818584,7.0,6079.978515625
22.999999501668448,104.99999950679661,7.0,6042.18115234375
22.999999501668448,-59.00000050345972,10.0,6004.70947265625
57.99999933726732,147.00000067555308,5.0,6029.646484375
-51.000001419204295,-159.0000010094835,6.0,6058.009765625
-12.999999792575526,-61.000002835844505,11.0,6001.8857421875
166.00000234264112,-9.000000250447817,9.0,6085.95166015625
-103.99999834060421,31.999999752116263,7.0,5998.966796875
166.99999667864435,-25.999999585151052,8.0,6075.98828125
-102.99999717441182,-92.99999917286618,7.0,6105.2568359375
112.00000083995421,-9.99999970909292,12.0,6085.671875
147.9999950115563,-107.00000183918141,6.0,6098.27880859375
42.00000116875648,-39.99999883637168,8.0,6026.2158203125
59.00000050345972,106.000000672989,5.0,6037.341796875
-67.00000300280972,-125.99999667608026,9.0,6055.5263671875
39.99999883637168,-178.00000267657154,4.0,6091.86376953125
-50.0000002530119,-130.99999567685308,11.0,6053.3134765625
-158.00000667348027,-1.9999999845072665,6.0,6083.775390625
-120.99999767530745,-44.00000008604669,10.0,6029.2060546875
-154.99999634471394,-39.99999883637168,8.0,6029.2119140625
-120.99999767530745,-125.99999667608026,8.0,6053.0859375
61.000002835844505,-90.00000250447816,7.0,6101.01025390625
-118.99999534292266,-178.99999701257477,7.0,6083.6474609375
77.00000100435535,-178.99999701257477,5.0,6083.03076171875
-120.99999767530745,-25.00000012650595,8.0,6069.181640625
-84.99999667351618,9.000000250447817,7.0,6038.78759765625
57.99999933726732,-53.0000003364945,9.0,5993.90771484375
-14.000000104994276,101.00000167221619,6.0,6032.3466796875
-101.00000167221619,-164.00000001025631,6.0,6054.1015625
113.00000200614662,-95.00000150525098,7.0,6096.44677734375
-48.9999990868195,-130.99999567685308,9.0,6052.39013671875
-30.000000834826057,-39.99999883637168,10.0,6022.689453125
41.00000000256408,-78.00000217054775,8.0,6051.5654296875
-158.00000667348027,103.99999834060421,7.0,6036.21337890625
-50.0000002530119,159.99999534548672,9.0,6067.0166015625
-120.00000333930423,14.000000104994276,5.0,6043.3388671875
59.00000050345972,123.99999434369548,8.0,5985.0625
-31.999999752116263,-61.000002835844505,8.0,5995.404296875
112.00000083995421,-37.999999919081475,9.0,6026.8955078125
4.99999985454646,-110.99999967376182,9.0,6094.72802734375
166.00000234264112,15.999999876058132,6.0,6037.6533203125
77.00000100435535,-149.0000030079379,8.0,6015.60498046875
-84.99999667351618,11.000000021511672,6.0,6038.82666015625
-176.00000034418676,28.99999966863366,8.0,5992.17724609375
-178.00000267657154,-4.99999985454646,10.0,6078.755859375
61.000002835844505,-108.99999734137702,6.0,6094.033203125
22.999999501668448,-37.999999919081475,9.0,6020.39404296875
94.00000033905859,-132.99999800923788,9.0,6040.99365234375
42.99999891985429,45.999999003336896,11.0,6020.49609375
-67.99999733881295,-77.00000100435535,8.0,6045.71337890625
-48.9999990868195,11.000000021511672,9.0,6034.765625
