135.00000034162267,-125.99999667608026,68.0,1894.552978515625
-151.9999996763259,-142.9999960107835,68.0,1882.3267822265625
134.00000600561944,-68.99999850500534,67.0,1980.5447998046875
-66.00000183661733,92.99999917286618,57.0,1863.6976318359375
154.0000020087107,-113.00000200614662,63.0,1885.157958984375
12.000000333930423,33.99999866940647,62.0,2224.305419921875
12.000000333930423,33.99999866940647,62.0,2224.305419921875
96.99999700744661,54.999999253784715,-80.0,1936.13671875
90.00000250447816,163.0000056742531,66.0,1900.3941650390625
-57.99999933726732,-3.999999969014533,-74.0,1687.2005615234375
122.00000567168901,59.00000050345972,67.0,1734.3875732421875
-22.000000043023345,175.00000600818353,66.0,1743.834228515625
89.00000133828577,98.9999993398314,67.0,1763.7603759765625
51.000001419204295,135.9999946776259,63.0,1738.74267578125
-130.00000134084985,-36.99999875288908,61.0,1735.9599609375
142.00000167478026,139.00000500639226,62.0,1742.5491943359375
-41.00000000256408,-1.9999999845072665,65.0,1751.587890625
12.999999792575526,12.999999792575526,66.0,1767.2474365234375
-147.00000067555308,-115.99999867453464,66.0,1741.5914306640625
123.00000000769224,154.0000020087107,66.0,1746.8751220703125
137.99999701001067,-19.99999941818584,63.0,1744.9493408203125
84.00000233751295,31.999999752116263,62.0,1770.006591796875
122.00000567168901,137.99999701001067,60.0,1751.0577392578125
154.99999634471394,-147.00000067555308,61.0,1769.223876953125
-4.99999985454646,149.99999734394112,70.0,1747.0667724609375
-147.00000067555308,-74.99999867197056,63.0,1761.737548828125
142.00000167478026,-80.99999883893577,68.0,1761.1591796875
-74.99999867197056,-79.00000333674014,63.0,1758.350830078125
16.999999334703237,85.99999783970858,66.0,1752.1187744140625
107.00000183918141,-154.0000020087107,65.0,1754.532470703125
71.00000083739013,-152.99999401232913,67.0,1759.1268310546875
-149.0000030079379,176.99999468018999,64.0,1753.36083984375
-73.00000316977493,-9.000000250447817,68.0,1753.4185791015625
-41.00000000256408,-139.00000500639226,68.0,1745.11572265625
102.00000283840859,82.00000000512816,67.0,1760.248046875
175.00000600818353,33.000000918308665,63.0,1758.9853515625
-3.0000000834826057,19.99999941818584,61.0,1767.447998046875
123.00000000769224,-57.99999933726732,60.0,1766.488037109375
-1.9999999845072665,156.99999867709872,66.0,1747.364013671875
-24.000000667860846,139.99999934239548,66.0,1748.02685546875
139.00000500639226,154.0000020087107,69.0,1746.4473876953125
-3.0000000834826057,97.999998173639,69.0,1780.9560546875
-130.99999567685308,-163.0000056742531,64.0,1775.8148193359375
103.99999834060421,-39.99999883637168,63.0,1755.56591796875
-94.00000033905859,-79.00000333674014,67.0,1781.2071533203125
82.00000000512816,-57.99999933726732,62.0,1777.705322265625
-7.999999938029066,71.00000083739013,62.0,1763.06884765625
173.99999801180195,-112.00000083995421,67.0,1760.2481689453125
139.00000500639226,106.000000672989,65.0,1797.2440185546875
-59.00000050345972,-45.00000125223908,66.0,1753.3551025390625
86.99999900590097,-100.0000005060238,66.0,1768.0443115234375
-54.999999253784715,-114.000003172339,64.0,1749.2237548828125
-163.0000056742531,120.00000333930423,64.0,1776.12353515625
-147.00000067555308,120.99999767530745,62.0,1780.30908203125
-74.99999867197056,15.000000417413029,64.0,1779.7955322265625
104.99999950679661,82.00000000512816,68.0,1769.9000244140625
-39.00000108527387,65.00000067042492,66.0,1763.4825439453125
88.00000017209338,-57.99999933726732,61.0,1780.7291259765625
51.999999170302104,-25.00000012650595,66.0,1738.3140869140625
-164.99999434625954,-132.00000367323466,63.0,1751.16015625
173.00000367579872,-117.0000066709162,69.0,1746.118408203125
65.00000067042492,33.99999866940647,64.0,1768.1588134765625
51.000001419204295,-164.00000001025631,66.0,1769.5347900390625
-39.99999883637168,132.99999800923788,69.0,1743.7159423828125
68.99999850500534,158.00000667348027,63.0,1754.1817626953125
67.99999733881295,-113.00000200614662,64.0,1751.380126953125
104.99999950679661,-39.99999883637168,61.0,1747.0306396484375
137.00000267400745,-0.9999999922536332,63.0,1757.9847412109375
173.00000367579872,-21.00000058437824,66.0,1744.76904296875
139.00000500639226,-77.00000100435535,69.0,1765.3074951171875
-25.00000012650595,83.00000117132056,63.0,1765.9566650390625
-73.99999750577815,-39.99999883637168,61.0,1745.68603515625
51.000001419204295,67.00000300280972,64.0,1746.22998046875
-127.99999900846505,14.000000104994276,62.0,1766.3162841796875
86.99999900590097,79.99999767274336,66.0,1761.9273681640625
-166.00000234264112,-96.00000267144338,66.0,1756.19189453125
107.00000183918141,-112.00000083995421,65.0,1743.34423828125
86.99999900590097,11.000000021511672,66.0,1773.941650390625
15.999999876058132,-152.99999401232913,63.0,1764.228271484375
50.0000002530119,51.999999170302104,62.0,1755.3648681640625
159.99999534548672,48.00000133572169,63.0,1757.5631103515625
159.0000010094835,-82.00000000512816,64.0,1764.6932373046875
-59.00000050345972,15.999999876058132,63.0,1764.2633056640625
-6.000000166965211,102.99999717441182,65.0,1770.5552978515625
140.9999936783987,-115.00000433853141,65.0,1752.0787353515625
159.0000010094835,34.99999983559887,62.0,1776.6927490234375
135.9999946776259,176.99999468018999,68.0,1763.0322265625
-74.99999867197056,83.00000117132056,67.0,1781.107666015625
-112.00000083995421,28.99999966863366,66.0,1781.7850341796875
65.00000067042492,-130.00000134084985,63.0,1749.8653564453125
31.999999752116263,33.99999866940647,57.0,1777.136962890625
122.00000567168901,120.99999767530745,67.0,1772.3095703125
-59.00000050345972,79.99999767274336,71.0,1772.768798828125
85.99999783970858,-28.000000209988553,63.0,1745.390869140625
-57.0000015861695,50.0000002530119,62.0,1760.0303955078125
122.00000567168901,104.99999950679661,64.0,1780.951904296875
176.00000034418676,33.99999866940647,65.0,1772.28564453125
176.00000034418676,-149.99999734394112,65.0,1772.2203369140625
-6.000000166965211,61.99999717184774,65.0,1756.485595703125
-166.99999667864435,122.00000567168901,63.0,1774.3880615234375
-166.00000234264112,67.99999733881295,63.0,1753.0069580078125
33.99999866940647,-101.00000167221619,67.0,1755.974609375
-109.99999850756943,169.99999334703236,68.0,1756.6041259765625
50.0000002530119,-7.999999938029066,68.0,1753.470947265625
103.99999834060421,50.0000002530119,74.0,1756.1190185546875
140.9999936783987,33.000000918308665,62.0,1765.836669921875
-147.9999950115563,142.9999960107835,59.0,1752.1246337890625
-164.99999434625954,159.99999534548672,62.0,1740.7684326171875
51.000001419204295,115.00000433853141,67.0,1768.8775634765625
142.9999960107835,118.99999534292266,65.0,1769.038818359375
-39.00000108527387,-78.00000217054775,64.0,1764.071533203125
122.00000567168901,-168.0000046750259,62.0,1771.5059814453125
-147.9999950115563,-96.99999700744661,67.0,1757.8468017578125
159.0000010094835,120.99999767530745,66.0,1779.10498046875
176.00000034418676,30.000000834826057,64.0,1782.9439697265625
-112.00000083995421,11.000000021511672,65.0,1770.869140625
67.99999733881295,-96.00000267144338,69.0,1757.965087890625
14.000000104994276,48.9999990868195,61.0,1756.4964599609375
-166.00000234264112,89.00000133828577,61.0,1765.7294921875
67.99999733881295,-169.99999334703236,68.0,1767.8624267578125
-57.99999933726732,-171.99999567941717,68.0,1768.2442626953125
14.000000104994276,175.00000600818353,64.0,1752.938232421875
15.000000417413029,45.00000125223908,61.0,1757.6832275390625
51.000001419204295,-73.99999750577815,59.0,1772.67822265625
-57.0000015861695,-102.00000283840859,67.0,1752.5791015625
-57.99999933726732,65.00000067042492,67.0,1746.2042236328125
176.00000034418676,-151.9999996763259,63.0,1763.5181884765625
15.000000417413029,-176.00000034418676,66.0,1774.5120849609375
15.000000417413029,-12.000000333930423,67.0,1754.109375
-57.0000015861695,34.99999983559887,60.0,1770.245849609375
-168.0000046750259,47.000000169529294,63.0,1756.5653076171875
51.000001419204295,-45.00000125223908,66.0,1744.3272705078125
-3.999999969014533,-98.9999993398314,69.0,1757.8775634765625
139.99999934239548,102.99999717441182,63.0,1778.3489990234375
108.0000030053738,137.00000267400745,60.0,1753.3221435546875
51.999999170302104,86.99999900590097,62.0,1770.187744140625
88.00000017209338,137.00000267400745,63.0,1759.1832275390625
88.00000017209338,-22.999999501668448,66.0,1748.286865234375
-113.00000200614662,90.00000250447816,63.0,1768.2734375
-57.0000015861695,28.000000209988553,64.0,1767.7677001953125
-60.000001669652114,-57.99999933726732,65.0,1778.617431640625
-110.99999967376182,14.000000104994276,65.0,1777.77490234375
-78.00000217054775,67.00000300280972,64.0,1763.8153076171875
50.0000002530119,-151.00000534032267,66.0,1774.7513427734375
-6.000000166965211,-166.99999667864435,65.0,1775.512939453125
68.99999850500534,-63.99999950423253,66.0,1766.963134765625
-57.0000015861695,130.99999567685308,64.0,1762.9990234375
106.000000672989,25.999999585151052,68.0,1773.8785400390625
15.999999876058132,176.99999468018999,62.0,1764.595947265625
176.99999468018999,-152.99999401232913,66.0,1774.867431640625
139.99999934239548,84.00000233751295,68.0,1780.8934326171875
-39.00000108527387,-154.99999634471394,64.0,1774.61572265625
123.00000000769224,53.0000003364945,58.0,1768.84423828125
50.0000002530119,-166.99999667864435,65.0,1786.548583984375
88.00000017209338,-132.00000367323466,61.0,1768.202392578125
-164.00000001025631,-59.00000050345972,63.0,1776.6820068359375
85.99999783970858,-7.000000052497138,67.0,1764.0487060546875
104.99999950679661,48.00000133572169,60.0,1767.4776611328125
176.99999468018999,159.0000010094835,65.0,1759.90380859375
-3.0000000834826057,-6.000000166965211,66.0,1772.930419921875
-166.00000234264112,-28.000000209988553,64.0,1757.185791015625
-22.000000043023345,-25.999999585151052,64.0,1759.69580078125
-92.99999917286618,-22.000000043023345,64.0,1759.23876953125
-132.00000367323466,12.999999792575526,65.0,1789.024658203125
-57.99999933726732,-97.999998173639,66.0,1775.6483154296875
31.999999752116263,-39.99999883637168,60.0,1767.521484375
-75.99999983816295,-7.000000052497138,64.0,1768.04296875
142.00000167478026,171.99999567941717,66.0,1772.6759033203125
178.99999701257477,-169.99999334703236,66.0,1782.5687255859375
-39.00000108527387,117.0000066709162,65.0,1787.4730224609375
-56.000000419977106,-4.99999985454646,62.0,1764.52783203125
176.99999468018999,139.00000500639226,60.0,1764.8236083984375
86.99999900590097,62.99999833804013,63.0,1760.8387451171875
-1.9999999845072665,-75.99999983816295,62.0,1778.122314453125
53.0000003364945,-79.99999767274336,63.0,1789.8966064453125
-146.00000633954986,47.000000169529294,63.0,1779.38330078125
-73.99999750577815,84.99999667351618,64.0,1786.4615478515625
-92.99999917286618,154.99999634471394,65.0,1765.7523193359375
159.0000010094835,-96.00000267144338,63.0,1779.9501953125
50.0000002530119,-94.00000033905859,65.0,1778.6221923828125
15.000000417413029,-166.99999667864435,63.0,1790.8072509765625
-73.99999750577815,65.00000067042492,67.0,1773.8681640625
176.00000034418676,67.00000300280972,66.0,1774.62060546875
139.99999934239548,-118.99999534292266,68.0,1759.7313232421875
-113.00000200614662,-161.0000033418683,60.0,1793.578125
139.99999934239548,-125.00000234007703,60.0,1772.140869140625
139.99999934239548,33.99999866940647,60.0,1788.13525390625
-149.99999734394112,51.999999170302104,58.0,1778.229248046875
-77.00000100435535,-147.9999950115563,64.0,1789.686767578125
12.999999792575526,-168.0000046750259,65.0,1785.860595703125
85.99999783970858,-77.00000100435535,65.0,1781.02001953125
31.999999752116263,-96.99999700744661,66.0,1777.22314453125
-149.0000030079379,-28.000000209988553,70.0,1754.583251953125
-60.000001669652114,-6.000000166965211,67.0,1770.0218505859375
-39.00000108527387,-78.00000217054775,66.0,1788.0123291015625
-147.00000067555308,176.00000034418676,69.0,1792.0679931640625
-36.99999875288908,-151.9999996763259,66.0,1788.3709716796875
-146.00000633954986,-7.999999938029066,70.0,1776.827880859375
-109.99999850756943,28.000000209988553,65.0,1786.601318359375
-39.99999883637168,-128.9999933444683,62.0,1774.1639404296875
-57.0000015861695,-78.00000217054775,67.0,1802.1416015625
-109.99999850756943,135.00000034162267,62.0,1776.5924072265625
-19.99999941818584,48.9999990868195,60.0,1777.83447265625
86.99999900590097,176.99999468018999,61.0,1771.514404296875
-127.00000467246183,28.99999966863366,63.0,1781.4390869140625
-163.0000056742531,68.99999850500534,62.0,1741.647705078125
161.99999767787153,66.00000183661733,62.0,1767.1658935546875
-57.0000015861695,-28.99999966863366,67.0,1755.1878662109375
90.00000250447816,-42.00000116875648,62.0,1776.446044921875
-92.99999917286618,101.00000167221619,63.0,1799.04931640625
125.99999667608026,171.99999567941717,64.0,1776.4537353515625
106.000000672989,-137.00000267400745,64.0,1772.6727294921875
69.99999967119774,-85.99999783970858,69.0,1788.0513916015625
69.99999967119774,-6.000000166965211,65.0,1782.8536376953125
-110.99999967376182,-28.000000209988553,66.0,1761.447265625
107.00000183918141,173.00000367579872,65.0,1778.320556640625
-108.99999734137702,139.00000500639226,60.0,1776.781494140625
-108.99999734137702,-80.99999883893577,66.0,1788.0845947265625
108.0000030053738,-115.00000433853141,64.0,1760.8741455078125
123.99999434369548,-169.99999334703236,65.0,1786.991455078125
-57.0000015861695,-4.99999985454646,65.0,1769.4735107421875
-91.99999800667379,156.99999867709872,60.0,1762.522705078125
69.99999967119774,16.999999334703237,61.0,1785.6148681640625
106.000000672989,-45.00000125223908,62.0,1770.228515625
-39.00000108527387,-117.0000066709162,64.0,1756.310791015625
104.99999950679661,152.99999401232913,62.0,1755.0185546875
-71.00000083739013,-66.00000183661733,66.0,1782.0535888671875
-54.999999253784715,84.99999667351618,62.0,1783.8109130859375
-108.99999734137702,96.99999700744661,67.0,1794.773193359375
18.999999959540737,-83.00000117132056,68.0,1789.337158203125
-18.000000500895634,-168.0000046750259,62.0,1787.635009765625
125.99999667608026,-12.000000333930423,66.0,1771.1339111328125
-18.999999959540737,42.99999891985429,62.0,1777.6607666015625
-69.99999967119774,-175.00000600818353,66.0,1782.64599609375
125.99999667608026,-154.99999634471394,61.0,1785.373291015625
178.99999701257477,-123.99999434369548,66.0,1762.8416748046875
18.999999959540737,-9.99999970909292,64.0,1767.56982421875
-90.00000250447816,84.99999667351618,64.0,1778.631591796875
127.00000467246183,-79.00000333674014,62.0,1784.0335693359375
-180.00000500895632,-66.00000183661733,62.0,1785.742431640625
-16.999999334703237,48.9999990868195,59.0,1778.776611328125
90.00000250447816,7.000000052497138,64.0,1781.132080078125
18.000000500895634,21.00000058437824,67.0,1786.9906005859375
-178.99999701257477,-100.0000005060238,64.0,1768.810302734375
106.000000672989,-7.000000052497138,62.0,1767.56884765625
164.99999434625954,-118.00000100691943,62.0,1759.97998046875
144.00000400716507,-42.99999891985429,61.0,1772.5533447265625
54.0000015026869,7.999999938029066,64.0,1783.9730224609375
178.99999701257477,86.99999900590097,64.0,1780.0859375
-36.99999875288908,120.99999767530745,59.0,1798.5794677734375
-15.999999876058132,-123.00000000769224,64.0,1761.109130859375
36.99999875288908,7.000000052497138,65.0,1787.1143798828125
73.99999750577815,128.9999933444683,63.0,1782.8934326171875
-72.00000200358254,-28.000000209988553,63.0,1758.2689208984375
-2.0355549961366507e-12,-28.000000209988553,65.0,1762.833984375
144.9999983431683,96.99999700744661,63.0,1793.32861328125
-161.99999767787153,164.99999434625954,69.0,1768.6658935546875
54.999999253784715,7.000000052497138,64.0,1784.3243408203125
-71.00000083739013,-86.99999900590097,66.0,1787.3870849609375
-34.99999983559887,120.99999767530745,63.0,1795.497802734375
36.99999875288908,115.00000433853141,61.0,1795.5120849609375
-144.00000400716507,-171.99999567941717,67.0,1785.2254638671875
-142.00000167478026,80.99999883893577,62.0,1777.6065673828125
-71.00000083739013,82.00000000512816,62.0,1778.357666015625
1.9999999845072665,-51.000001419204295,63.0,1776.0233154296875
109.99999850756943,-140.9999936783987,62.0,1777.870849609375
-15.999999876058132,151.9999996763259,62.0,1762.254150390625
144.9999983431683,-156.0000043410955,63.0,1786.4158935546875
-161.0000033418683,-45.999999003336896,60.0,1774.7918701171875
37.999999919081475,-68.99999850500534,65.0,1786.896240234375
18.999999959540737,-24.000000667860846,61.0,1758.78466796875
-159.99999534548672,-15.000000417413029,65.0,1765.4381103515625
-34.99999983559887,130.99999567685308,61.0,1779.5469970703125
-53.0000003364945,-61.99999717184774,61.0,1785.787109375
73.99999750577815,-120.00000333930423,61.0,1759.6395263671875
-142.9999960107835,96.00000267144338,63.0,1792.2757568359375
-88.00000017209338,-45.999999003336896,63.0,1774.613037109375
-161.99999767787153,-86.99999900590097,64.0,1784.4827880859375
110.99999967376182,127.00000467246183,65.0,1780.7630615234375
-125.00000234007703,59.00000050345972,63.0,1769.2208251953125
-15.999999876058132,3.0000000834826057,63.0,1783.21923828125
34.99999983559887,130.99999567685308,62.0,1780.012451171875
-53.0000003364945,-65.00000067042492,61.0,1787.5804443359375
-69.99999967119774,-156.0000043410955,66.0,1786.6348876953125
91.99999800667379,57.99999933726732,65.0,1764.6993408203125
39.99999883637168,60.000001669652114,63.0,1764.469482421875
-69.99999967119774,3.999999969014533,64.0,1777.40771484375
146.00000633954986,36.99999875288908,66.0,1775.373046875
163.0000056742531,-50.0000002530119,62.0,1772.449951171875
-159.99999534548672,-14.000000104994276,67.0,1761.636474609375
21.00000058437824,110.99999967376182,64.0,1794.19677734375
-142.00000167478026,-159.0000010094835,64.0,1789.5394287109375
-90.00000250447816,-161.0000033418683,64.0,1787.708984375
109.99999850756943,-47.000000169529294,58.0,1773.750244140625
-142.00000167478026,57.99999933726732,64.0,1767.259521484375
-51.999999170302104,96.99999700744661,63.0,1789.55810546875
146.00000633954986,77.00000100435535,65.0,1775.5042724609375
109.99999850756943,-102.99999717441182,63.0,1775.7470703125
-51.999999170302104,21.00000058437824,64.0,1795.8284912109375
73.99999750577815,128.9999933444683,65.0,1785.01123046875
-34.99999983559887,-68.99999850500534,64.0,1791.04541015625
-106.000000672989,-50.0000002530119,62.0,1780.16943359375
-159.99999534548672,42.99999891985429,62.0,1786.4725341796875
-51.000001419204295,42.99999891985429,61.0,1788.1326904296875
-15.999999876058132,-88.00000017209338,66.0,1789.522216796875
-106.000000672989,-15.000000417413029,65.0,1772.99462890625
19.99999941818584,79.00000333674014,65.0,1783.274658203125
164.00000001025631,102.00000283840859,58.0,1798.20947265625
-178.00000267657154,-34.99999983559887,67.0,1764.520263671875
127.00000467246183,74.99999867197056,65.0,1782.9971923828125
-15.999999876058132,164.99999434625954,66.0,1773.913818359375
146.00000633954986,-156.0000043410955,62.0,1795.16064453125
-178.99999701257477,169.99999334703236,63.0,1776.180419921875
108.99999734137702,128.9999933444683,65.0,1788.0408935546875
-16.999999334703237,-118.00000100691943,63.0,1769.073974609375
-89.00000133828577,-7.999999938029066,60.0,1771.680419921875
-33.99999866940647,24.000000667860846,65.0,1796.412109375
-161.0000033418683,96.00000267144338,64.0,1797.319091796875
164.00000001025631,-122.00000567168901,61.0,1768.9974365234375
-125.00000234007703,-9.000000250447817,62.0,1775.1470947265625
-107.00000183918141,-103.99999834060421,65.0,1778.9053955078125
-142.00000167478026,-45.00000125223908,61.0,1785.755859375
163.0000056742531,132.00000367323466,60.0,1791.7010498046875
-88.00000017209338,-178.99999701257477,65.0,1793.55126953125
3.0000000834826057,147.9999950115563,63.0,1772.24853515625
110.99999967376182,-9.99999970909292,60.0,1775.1065673828125
-15.999999876058132,151.00000534032267,62.0,1771.6441650390625
142.9999960107835,152.99999401232913,63.0,1771.2060546875
-67.99999733881295,-30.000000834826057,63.0,1768.114501953125
-161.0000033418683,117.0000066709162,58.0,1804.7152099609375
91.99999800667379,-108.0000030053738,65.0,1777.9945068359375
-89.00000133828577,-79.99999767274336,61.0,1794.21484375
-15.999999876058132,-102.99999717441182,68.0,1779.991943359375
-142.00000167478026,-161.99999767787153,65.0,1798.06689453125
54.999999253784715,130.00000134084985,62.0,1791.40478515625
57.0000015861695,42.00000116875648,63.0,1792.8511962890625
-86.99999900590097,112.00000083995421,64.0,1803.3516845703125
37.999999919081475,118.00000100691943,59.0,1804.7410888671875
108.99999734137702,-156.0000043410955,63.0,1797.2637939453125
-34.99999983559887,47.000000169529294,58.0,1791.2789306640625
-89.00000133828577,78.00000217054775,63.0,1786.6082763671875
-125.00000234007703,-135.9999946776259,61.0,1788.6719970703125
-2.0355549961366507e-12,28.99999966863366,58.0,1799.694091796875
-122.00000567168901,-156.99999867709872,64.0,1798.8736572265625
161.99999767787153,-28.000000209988553,61.0,1769.0516357421875
161.99999767787153,-154.99999634471394,62.0,1800.409912109375
128.9999933444683,137.99999701001067,60.0,1792.766845703125
1.9999999845072665,-83.00000117132056,63.0,1795.5137939453125
-15.000000417413029,-45.999999003336896,61.0,1786.8236083984375
-123.99999434369548,137.00000267400745,60.0,1794.64306640625
39.00000108527387,-102.99999717441182,67.0,1783.041259765625
-33.99999866940647,42.99999891985429,62.0,1795.947998046875
-16.999999334703237,-48.9999990868195,61.0,1790.19384765625
-34.99999983559887,-149.0000030079379,67.0,1789.4525146484375
-142.00000167478026,59.00000050345972,65.0,1780.4002685546875
-15.000000417413029,149.0000030079379,64.0,1775.9375
-36.99999875288908,7.000000052497138,64.0,1796.3685302734375
18.999999959540737,132.00000367323466,61.0,1794.427490234375
-125.00000234007703,41.00000000256408,65.0,1795.6221923828125
-69.99999967119774,45.999999003336896,59.0,1795.700927734375
-90.99999684048139,151.00000534032267,61.0,1775.4678955078125
-33.000000918308665,59.00000050345972,63.0,1782.349853515625
-161.0000033418683,45.00000125223908,61.0,1795.037841796875
73.00000316977493,-151.00000534032267,60.0,1801.41796875
-86.99999900590097,-123.99999434369548,65.0,1774.8941650390625
-178.00000267657154,-123.99999434369548,64.0,1774.7257080078125
-178.99999701257477,42.99999891985429,61.0,1795.614013671875
-72.00000200358254,59.00000050345972,64.0,1782.2835693359375
3.0000000834826057,-107.00000183918141,68.0,1782.808349609375
53.0000003364945,168.0000046750259,66.0,1782.34423828125
-15.000000417413029,132.00000367323466,63.0,1793.3876953125
-123.99999434369548,91.99999800667379,67.0,1805.26220703125
-104.99999950679661,84.00000233751295,63.0,1792.0594482421875
39.00000108527387,-11.000000021511672,65.0,1778.8114013671875
-107.00000183918141,22.999999501668448,63.0,1801.906494140625
146.00000633954986,-120.99999767530745,65.0,1772.2674560546875
-159.99999534548672,28.000000209988553,60.0,1801.1402587890625
-180.00000500895632,151.9999996763259,61.0,1773.2833251953125
71.00000083739013,118.00000100691943,59.0,1807.028076171875
-144.9999983431683,110.99999967376182,65.0,1806.9417724609375
-161.99999767787153,67.00000300280972,61.0,1781.6414794921875
71.00000083739013,57.99999933726732,65.0,1780.2332763671875
90.00000250447816,-154.99999634471394,64.0,1799.9935302734375
-89.00000133828577,41.00000000256408,62.0,1794.121826171875
57.0000015861695,77.00000100435535,63.0,1790.5848388671875
-18.000000500895634,75.99999983816295,65.0,1791.4937744140625
-54.0000015026869,45.00000125223908,61.0,1794.474609375
-37.999999919081475,3.0000000834826057,65.0,1795.1041259765625
-161.0000033418683,90.99999684048139,65.0,1804.956298828125
-71.00000083739013,95.00000150525098,62.0,1804.4658203125
-51.999999170302104,154.0000020087107,61.0,1774.187255859375
-142.00000167478026,54.999999253784715,67.0,1780.6328125
-178.99999701257477,60.000001669652114,62.0,1781.5499267578125
36.00000100179127,-28.99999966863366,62.0,1772.0992431640625
108.0000030053738,-137.99999701001067,62.0,1789.1639404296875
-2.0355549961366507e-12,-45.00000125223908,61.0,1788.32666015625
127.00000467246183,9.000000250447817,65.0,1795.35009765625
90.00000250447816,132.99999800923788,61.0,1795.1507568359375
54.0000015026869,-45.00000125223908,61.0,1790.3482666015625
90.00000250447816,-123.99999434369548,65.0,1776.4632568359375
144.00000400716507,117.0000066709162,62.0,1810.3458251953125
-90.00000250447816,-61.99999717184774,60.0,1803.6478271484375
54.0000015026869,-120.99999767530745,64.0,1776.8253173828125
18.000000500895634,44.00000008604669,61.0,1794.795654296875
163.0000056742531,-89.00000133828577,68.0,1798.247802734375
-90.99999684048139,-1.9999999845072665,59.0,1781.4591064453125
18.000000500895634,-118.99999534292266,59.0,1773.3427734375
71.00000083739013,61.000002835844505,65.0,1781.69189453125
-21.00000058437824,-86.99999900590097,65.0,1798.3978271484375
18.000000500895634,-79.00000333674014,64.0,1798.621337890625
161.99999767787153,82.00000000512816,62.0,1793.3218994140625
-90.00000250447816,-44.00000008604669,61.0,1787.66015625
142.9999960107835,-22.999999501668448,62.0,1772.6373291015625
16.999999334703237,-44.00000008604669,60.0,1788.2967529296875
-163.0000056742531,-151.9999996763259,62.0,1802.4754638671875
90.00000250447816,164.00000001025631,69.0,1784.8406982421875
142.9999960107835,-82.00000000512816,65.0,1801.5560302734375
-18.000000500895634,115.99999867453464,62.0,1811.078125
89.00000133828577,-28.000000209988553,62.0,1775.0758056640625
-127.00000467246183,-39.00000108527387,55.0,1788.95849609375
123.99999434369548,-61.000002835844505,62.0,1802.060302734375
-144.00000400716507,168.0000046750259,68.0,1786.64599609375
36.00000100179127,97.999998173639,63.0,1808.189208984375
-147.00000067555308,-9.000000250447817,63.0,1783.0733642578125
-108.0000030053738,-45.999999003336896,64.0,1788.464111328125
-127.00000467246183,24.000000667860846,65.0,1804.4844970703125
-37.999999919081475,-135.00000034162267,64.0,1789.2886962890625
-127.99999900846505,-77.00000100435535,63.0,1801.9940185546875
-73.00000316977493,65.00000067042492,62.0,1785.9130859375
71.00000083739013,-137.99999701001067,63.0,1790.9317626953125
-73.00000316977493,-120.00000333930423,64.0,1777.8863525390625
-108.99999734137702,4.99999985454646,67.0,1801.5714111328125
-90.00000250447816,-25.999999585151052,62.0,1775.4151611328125
-73.00000316977493,98.9999993398314,63.0,1810.7342529296875
53.0000003364945,118.99999534292266,61.0,1820.8724365234375
34.99999983559887,-134.00000600561944,61.0,1801.68212890625
125.99999667608026,137.99999701001067,58.0,1806.3663330078125
107.00000183918141,151.9999996763259,64.0,1790.7501220703125
-39.00000108527387,-151.9999996763259,61.0,1816.92578125
89.00000133828577,132.00000367323466,62.0,1806.7821044921875
16.999999334703237,98.9999993398314,61.0,1821.1898193359375
125.00000234007703,80.99999883893577,62.0,1806.9619140625
104.99999950679661,-168.0000046750259,61.0,1813.294921875
-108.99999734137702,-79.00000333674014,64.0,1815.1630859375
71.00000083739013,-42.99999891985429,61.0,1802.5130615234375
54.0000015026869,132.99999800923788,61.0,1802.2386474609375
-91.99999800667379,166.99999667864435,64.0,1800.9854736328125
-146.00000633954986,-102.00000283840859,65.0,1798.9791259765625
142.00000167478026,82.00000000512816,62.0,1806.759521484375
-75.99999983816295,-173.99999801180195,67.0,1811.322998046875
51.999999170302104,48.9999990868195,59.0,1805.2672119140625
122.00000567168901,-65.00000067042492,63.0,1814.6390380859375
51.999999170302104,45.999999003336896,60.0,1808.0672607421875
-0.9999999922536332,154.0000020087107,61.0,1789.3316650390625
-18.999999959540737,-7.999999938029066,63.0,1796.0594482421875
-128.9999933444683,-25.00000012650595,64.0,1785.8043212890625
33.99999866940647,62.99999833804013,61.0,1796.275634765625
18.000000500895634,158.00000667348027,59.0,1789.3538818359375
54.0000015026869,171.99999567941717,61.0,1798.933837890625
-54.999999253784715,28.99999966863366,60.0,1818.515380859375
-127.00000467246183,9.000000250447817,64.0,1813.187255859375
161.99999767787153,-42.99999891985429,62.0,1802.989990234375
-21.00000058437824,-67.00000300280972,63.0,1818.2578125
-36.00000100179127,30.99999858592387,57.0,1820.124267578125
90.99999684048139,45.999999003336896,60.0,1809.0184326171875
-3.0000000834826057,-120.99999767530745,66.0,1788.20361328125
-34.99999983559887,-117.0000066709162,60.0,1788.2088623046875
-159.99999534548672,62.99999833804013,65.0,1796.033935546875
-39.99999883637168,135.9999946776259,61.0,1806.073974609375
158.00000667348027,169.99999334703236,66.0,1799.3153076171875
-71.00000083739013,117.0000066709162,59.0,1822.8028564453125
144.00000400716507,-79.99999767274336,63.0,1813.1268310546875
-0.9999999922536332,115.99999867453464,64.0,1822.7596435546875
-108.0000030053738,-11.000000021511672,65.0,1796.1224365234375
-144.00000400716507,-135.9999946776259,60.0,1804.426513671875
107.00000183918141,-12.000000333930423,66.0,1796.836669921875
-1.9999999845072665,45.999999003336896,59.0,1809.656494140625
-3.0000000834826057,171.00000134341394,65.0,1799.5916748046875
90.99999684048139,135.00000034162267,61.0,1808.7467041015625
125.99999667608026,-118.00000100691943,65.0,1789.5882568359375
-18.999999959540737,-67.00000300280972,62.0,1816.3834228515625
-163.0000056742531,-151.9999996763259,60.0,1817.9853515625
-68.99999850500534,36.00000100179127,63.0,1810.351806640625
127.00000467246183,96.99999700744661,65.0,1822.25732421875
-142.00000167478026,77.00000100435535,65.0,1807.1888427734375
-51.999999170302104,-61.000002835844505,61.0,1816.3839111328125
53.0000003364945,-9.000000250447817,63.0,1795.905029296875
-54.0000015026869,62.99999833804013,61.0,1797.285400390625
-36.99999875288908,-118.99999534292266,61.0,1789.5186767578125
-180.00000500895632,9.99999970909292,63.0,1811.7410888671875
18.000000500895634,-42.99999891985429,59.0,1804.5302734375
-164.00000001025631,-137.00000267400745,63.0,1810.9107666015625
-142.9999960107835,-25.00000012650595,58.0,1793.3927001953125
159.99999534548672,-115.99999867453464,61.0,1796.9019775390625
159.99999534548672,168.99999901102913,61.0,1805.8349609375
72.00000200358254,-44.00000008604669,59.0,1810.7039794921875
125.00000234007703,79.99999767274336,63.0,1815.7845458984375
107.00000183918141,65.00000067042492,62.0,1805.1907958984375
-144.9999983431683,-83.00000117132056,65.0,1820.3685302734375
36.00000100179127,135.00000034162267,60.0,1814.98681640625
-53.0000003364945,39.99999883637168,61.0,1817.5025634765625
-125.99999667608026,-27.00000075134345,59.0,1794.0035400390625
125.00000234007703,11.000000021511672,61.0,1817.586669921875
108.99999734137702,-142.00000167478026,65.0,1811.3360595703125
16.999999334703237,-27.00000075134345,59.0,1792.5025634765625
144.00000400716507,137.00000267400745,59.0,1814.4071044921875
72.00000200358254,-60.000001669652114,61.0,1821.766845703125
89.00000133828577,34.99999983559887,66.0,1815.1754150390625
-107.00000183918141,118.99999534292266,62.0,1829.78369140625
-144.9999983431683,-84.00000233751295,64.0,1818.7760009765625
-36.00000100179127,82.00000000512816,64.0,1812.6422119140625
54.0000015026869,-27.00000075134345,61.0,1794.056640625
-127.00000467246183,-6.000000166965211,61.0,1800.986572265625
-109.99999850756943,-7.999999938029066,62.0,1800.4288330078125
-90.00000250447816,115.00000433853141,63.0,1830.0694580078125
125.99999667608026,-142.00000167478026,62.0,1812.2017822265625
-90.00000250447816,91.99999800667379,62.0,1827.8349609375
125.99999667608026,25.999999585151052,62.0,1825.740966796875
144.00000400716507,-12.000000333930423,64.0,1802.030517578125
-89.00000133828577,147.00000067555308,66.0,1798.128173828125
-51.999999170302104,9.99999970909292,61.0,1818.5191650390625
144.9999983431683,-156.0000043410955,63.0,1824.9283447265625
-33.000000918308665,42.99999891985429,61.0,1818.8546142578125
71.00000083739013,-68.99999850500534,66.0,1825.332275390625
-16.999999334703237,-156.99999867709872,63.0,1827.0362548828125
-73.00000316977493,-7.000000052497138,59.0,1804.330078125
-15.999999876058132,-65.00000067042492,61.0,1827.2418212890625
-73.99999750577815,-171.99999567941717,64.0,1822.7088623046875
0.9999999922536332,85.99999783970858,59.0,1816.3533935546875
18.000000500895634,-173.99999801180195,65.0,1822.9354248046875
18.999999959540737,80.99999883893577,60.0,1815.1951904296875
-34.99999983559887,168.99999901102913,66.0,1805.9158935546875
-16.999999334703237,132.99999800923788,60.0,1818.6995849609375
144.00000400716507,113.00000200614662,63.0,1833.052978515625
-90.00000250447816,-95.00000150525098,61.0,1807.0596923828125
108.0000030053738,66.00000183661733,60.0,1807.50439453125
91.99999800667379,-176.99999468018999,67.0,1822.326171875
72.00000200358254,-47.000000169529294,60.0,1817.107666015625
-54.0000015026869,39.99999883637168,62.0,1821.3897705078125
-33.000000918308665,24.000000667860846,61.0,1829.5611572265625
-108.0000030053738,-30.000000834826057,64.0,1798.1356201171875
90.00000250447816,-95.00000150525098,60.0,1808.6044921875
54.999999253784715,146.00000633954986,64.0,1802.5206298828125
72.00000200358254,-60.000001669652114,62.0,1828.9471435546875
163.0000056742531,123.99999434369548,65.0,1821.8321533203125
36.00000100179127,-48.9999990868195,62.0,1817.67626953125
108.99999734137702,-159.99999534548672,65.0,1829.925048828125
0.9999999922536332,25.999999585151052,62.0,1831.2308349609375
-144.00000400716507,-44.00000008604669,57.0,1818.14404296875
72.00000200358254,-100.0000005060238,65.0,1810.4783935546875
-53.0000003364945,115.99999867453464,62.0,1836.3048095703125
-2.0355549961366507e-12,27.00000075134345,60.0,1830.986572265625
110.99999967376182,9.99999970909292,62.0,1824.0333251953125
-54.0000015026869,164.99999434625954,67.0,1810.7198486328125
-91.99999800667379,62.99999833804013,60.0,1810.0731201171875
-108.99999734137702,112.00000083995421,61.0,1836.2152099609375
-178.99999701257477,28.000000209988553,59.0,1830.295654296875
-34.99999983559887,28.99999966863366,60.0,1830.1287841796875
-108.0000030053738,-98.9999993398314,62.0,1808.0611572265625
-2.0355549961366507e-12,-98.9999993398314,65.0,1807.4290771484375
33.99999866940647,25.00000012650595,61.0,1828.99853515625
-15.000000417413029,-9.000000250447817,61.0,1805.22607421875
-36.00000100179127,-42.00000116875648,59.0,1814.6427001953125
159.99999534548672,-132.99999800923788,57.0,1815.4559326171875
37.999999919081475,-62.99999833804013,62.0,1827.0787353515625
-142.00000167478026,-100.0000005060238,64.0,1809.0355224609375
33.99999866940647,-80.99999883893577,63.0,1823.29541015625
142.00000167478026,42.00000116875648,61.0,1820.61181640625
-123.99999434369548,-7.999999938029066,62.0,1806.31005859375
-69.99999967119774,95.00000150525098,66.0,1837.55322265625
-36.00000100179127,135.9999946776259,61.0,1825.0867919921875
-107.00000183918141,63.99999950423253,58.0,1814.4947509765625
-34.99999983559887,-45.999999003336896,58.0,1822.5723876953125
161.99999767787153,48.00000133572169,56.0,1827.7923583984375
-108.0000030053738,102.00000283840859,58.0,1839.0218505859375
-108.0000030053738,9.99999970909292,59.0,1828.700927734375
-180.00000500895632,-44.00000008604669,57.0,1822.619384765625
-0.9999999922536332,79.99999767274336,65.0,1825.469482421875
-54.0000015026869,-154.99999634471394,61.0,1835.9100341796875
18.000000500895634,117.0000066709162,61.0,1841.749755859375
-178.99999701257477,-30.000000834826057,63.0,1805.153076171875
-69.99999967119774,-122.00000567168901,64.0,1808.391357421875
-18.000000500895634,-156.0000043410955,65.0,1835.723388671875
-72.00000200358254,66.00000183661733,61.0,1815.4393310546875
-180.00000500895632,-176.00000034418676,64.0,1830.7137451171875
163.0000056742531,-42.99999891985429,61.0,1821.9871826171875
72.00000200358254,-139.00000500639226,64.0,1823.8145751953125
-72.00000200358254,112.00000083995421,63.0,1841.394287109375
-18.000000500895634,24.000000667860846,61.0,1836.5087890625
90.00000250447816,134.00000600561944,63.0,1826.849853515625
161.99999767787153,-156.99999867709872,65.0,1834.9241943359375
161.99999767787153,94.00000033905859,63.0,1840.3499755859375
-73.00000316977493,12.999999792575526,61.0,1829.929443359375
-72.00000200358254,154.99999634471394,59.0,1809.43115234375
108.99999734137702,-37.999999919081475,70.0,1805.487060546875
-18.000000500895634,-123.00000000769224,67.0,1808.5469970703125
144.00000400716507,98.9999993398314,62.0,1840.1304931640625
-54.0000015026869,132.00000367323466,62.0,1827.747314453125
144.00000400716507,77.00000100435535,67.0,1825.59130859375
-108.99999734137702,11.000000021511672,59.0,1830.4984130859375
-0.9999999922536332,-61.99999717184774,60.0,1835.3428955078125
-0.9999999922536332,-117.0000066709162,61.0,1808.5264892578125
-73.00000316977493,-6.000000166965211,59.0,1814.6846923828125
72.00000200358254,-122.00000567168901,64.0,1808.98876953125
-180.00000500895632,-61.000002835844505,60.0,1835.5653076171875
-2.0355549961366507e-12,-103.99999834060421,64.0,1817.388671875
-90.00000250447816,-159.99999534548672,68.0,1836.209228515625
72.00000200358254,25.999999585151052,64.0,1837.637939453125
-18.000000500895634,11.000000021511672,60.0,1830.0528564453125
142.9999960107835,28.99999966863366,61.0,1838.188232421875
-36.00000100179127,-50.0000002530119,63.0,1822.877197265625
-161.99999767787153,-120.99999767530745,62.0,1808.643310546875
-144.9999983431683,77.00000100435535,67.0,1827.361572265625
89.00000133828577,-108.0000030053738,69.0,1818.392578125
-108.99999734137702,79.99999767274336,62.0,1826.678466796875
71.00000083739013,-61.99999717184774,59.0,1835.8905029296875
-163.0000056742531,-173.99999801180195,64.0,1833.3944091796875
-161.0000033418683,61.000002835844505,61.0,1816.8720703125
-144.00000400716507,-30.99999858592387,64.0,1806.85205078125
-125.99999667608026,7.000000052497138,64.0,1831.2862548828125
108.99999734137702,7.999999938029066,65.0,1831.18359375
54.999999253784715,-28.000000209988553,63.0,1807.1756591796875
-125.00000234007703,168.99999901102913,65.0,1818.1561279296875
144.9999983431683,115.00000433853141,65.0,1845.41796875
36.00000100179127,151.9999996763259,63.0,1812.5848388671875
-144.00000400716507,-101.00000167221619,64.0,1821.40576171875
-163.0000056742531,-61.99999717184774,62.0,1839.308837890625
-36.99999875288908,-176.00000034418676,66.0,1835.174560546875
125.99999667608026,151.9999996763259,64.0,1812.9144287109375
144.9999983431683,-125.00000234007703,68.0,1812.076416015625
-161.99999767787153,114.000003172339,65.0,1846.0849609375
-72.00000200358254,-114.000003172339,59.0,1811.9154052734375
51.999999170302104,114.000003172339,65.0,1845.6630859375
147.00000067555308,147.00000067555308,65.0,1812.683837890625
-73.99999750577815,130.00000134084985,61.0,1832.7601318359375
-125.99999667608026,164.00000001025631,65.0,1819.91015625
-180.00000500895632,97.999998173639,64.0,1844.4530029296875
-88.00000017209338,85.99999783970858,61.0,1829.6483154296875
-88.00000017209338,135.00000034162267,61.0,1831.255859375
34.99999983559887,164.99999434625954,68.0,1820.556640625
0.9999999922536332,30.000000834826057,58.0,1841.48291015625
-53.0000003364945,9.000000250447817,61.0,1833.7537841796875
90.00000250447816,-68.99999850500534,66.0,1839.2056884765625
-125.99999667608026,149.99999734394112,64.0,1812.3165283203125
-72.00000200358254,135.00000034162267,59.0,1831.4105224609375
-0.9999999922536332,-149.0000030079379,59.0,1839.6422119140625
-33.99999866940647,25.999999585151052,63.0,1840.824951171875
-90.99999684048139,-48.00000133572169,63.0,1826.352783203125
36.99999875288908,84.00000233751295,59.0,1828.279541015625
-18.000000500895634,-120.99999767530745,65.0,1811.967041015625
-36.99999875288908,62.99999833804013,61.0,1819.630126953125
-125.99999667608026,171.00000134341394,62.0,1819.952880859375
-108.0000030053738,28.99999966863366,59.0,1841.3985595703125
-36.00000100179127,-80.99999883893577,61.0,1835.3131103515625
18.000000500895634,118.00000100691943,60.0,1846.4163818359375
125.00000234007703,45.999999003336896,64.0,1832.698486328125
18.000000500895634,152.99999401232913,60.0,1813.640869140625
53.0000003364945,-135.9999946776259,61.0,1828.618408203125
72.00000200358254,-6.000000166965211,60.0,1819.1717529296875
107.00000183918141,67.99999733881295,58.0,1820.364013671875
-36.00000100179127,-139.99999934239548,61.0,1828.37744140625
-36.00000100179127,-7.000000052497138,63.0,1818.6715087890625
-73.00000316977493,24.000000667860846,62.0,1841.8201904296875
-2.0355549961366507e-12,149.99999734394112,64.0,1814.5205078125
-108.0000030053738,65.00000067042492,61.0,1821.8460693359375
-18.000000500895634,79.99999767274336,61.0,1830.7183837890625
108.0000030053738,-65.00000067042492,64.0,1840.3204345703125
-125.99999667608026,6.000000166965211,64.0,1835.7008056640625
-72.00000200358254,7.999999938029066,64.0,1836.12548828125
90.00000250447816,-101.00000167221619,64.0,1822.99072265625
125.00000234007703,-137.99999701001067,63.0,1830.0823974609375
161.99999767787153,117.0000066709162,62.0,1847.392822265625
-180.00000500895632,-173.00000367579872,63.0,1837.3184814453125
178.99999701257477,92.99999917286618,68.0,1846.30810546875
-2.0355549961366507e-12,42.99999891985429,61.0,1834.9461669921875
90.00000250447816,-83.00000117132056,64.0,1837.0372314453125
127.00000467246183,-11.000000021511672,67.0,1820.2464599609375
54.999999253784715,117.0000066709162,61.0,1849.264404296875
-90.99999684048139,-66.00000183661733,64.0,1841.7998046875
90.00000250447816,-118.00000100691943,62.0,1814.4442138671875
36.00000100179127,66.00000183661733,56.0,1823.1036376953125
18.000000500895634,-120.99999767530745,63.0,1814.5865478515625
18.999999959540737,3.999999969014533,64.0,1836.86767578125
-36.00000100179127,-31.999999752116263,61.0,1813.057861328125
-18.000000500895634,154.0000020087107,61.0,1815.979248046875
72.00000200358254,147.9999950115563,64.0,1815.5299072265625
161.99999767787153,-134.00000600561944,59.0,1831.0404052734375
-108.0000030053738,-118.00000100691943,65.0,1814.555419921875
108.99999734137702,3.999999969014533,62.0,1837.4339599609375
36.00000100179127,-82.00000000512816,62.0,1837.74462890625
-73.00000316977493,118.99999534292266,60.0,1849.0665283203125
54.0000015026869,-135.00000034162267,61.0,1831.0721435546875
108.99999734137702,67.00000300280972,61.0,1823.1202392578125
-54.0000015026869,24.000000667860846,63.0,1843.3280029296875
108.0000030053738,161.99999767787153,67.0,1823.5048828125
-71.00000083739013,9.99999970909292,61.0,1836.68603515625
-16.999999334703237,-175.00000600818353,64.0,1837.4815673828125
-144.00000400716507,-173.99999801180195,63.0,1837.5302734375
-37.999999919081475,-12.000000333930423,64.0,1819.3590087890625
-73.00000316977493,-97.999998173639,64.0,1822.5765380859375
-72.00000200358254,82.00000000512816,62.0,1831.2198486328125
108.99999734137702,78.00000217054775,64.0,1832.1412353515625
163.0000056742531,-60.000001669652114,59.0,1843.0469970703125
-89.00000133828577,61.000002835844505,61.0,1823.7528076171875
-53.0000003364945,132.99999800923788,60.0,1838.71630859375
-123.99999434369548,19.99999941818584,62.0,1846.7540283203125
90.99999684048139,117.0000066709162,61.0,1852.1368408203125
127.00000467246183,63.99999950423253,59.0,1826.32861328125
-69.99999967119774,-9.99999970909292,62.0,1820.7880859375
-178.00000267657154,27.00000075134345,61.0,1846.88427734375
36.99999875288908,-120.00000333930423,59.0,1818.1494140625
108.99999734137702,-48.9999990868195,59.0,1834.9935302734375
-88.00000017209338,130.00000134084985,61.0,1840.1123046875
57.0000015861695,151.00000534032267,60.0,1820.27392578125
36.99999875288908,-65.00000067042492,58.0,1847.217529296875
-161.99999767787153,-135.9999946776259,58.0,1839.654541015625
-144.00000400716507,168.99999901102913,59.0,1826.1279296875
107.00000183918141,-15.000000417413029,63.0,1822.415771484375
-109.99999850756943,102.00000283840859,58.0,1850.348876953125
-108.0000030053738,-84.00000233751295,64.0,1841.0269775390625
127.99999900846505,97.999998173639,62.0,1850.0023193359375
-125.99999667608026,-28.99999966863366,58.0,1819.79931640625
-71.00000083739013,-139.00000500639226,61.0,1839.93701171875
-161.99999767787153,-83.00000117132056,65.0,1840.75048828125
-144.00000400716507,135.9999946776259,60.0,1845.0465087890625
72.00000200358254,42.00000116875648,60.0,1844.6463623046875
-108.0000030053738,-159.0000010094835,63.0,1849.469970703125
-180.00000500895632,-84.00000233751295,63.0,1842.4091796875
-18.000000500895634,-168.0000046750259,60.0,1842.7275390625
-90.00000250447816,164.99999434625954,65.0,1827.08447265625
-161.99999767787153,101.00000167221619,61.0,1851.534912109375
-36.00000100179127,-14.000000104994276,62.0,1823.5257568359375
-73.00000316977493,-137.00000267400745,60.0,1840.9771728515625
-180.00000500895632,9.000000250447817,61.0,1841.0980224609375
-178.99999701257477,57.99999933726732,64.0,1830.5211181640625
-36.00000100179127,-51.000001419204295,61.0,1840.783203125
-90.00000250447816,-156.0000043410955,62.0,1849.69921875
-161.99999767787153,-122.00000567168901,63.0,1822.968017578125
-54.0000015026869,50.0000002530119,56.0,1844.18115234375
-34.99999983559887,-48.00000133572169,60.0,1839.730712890625
-54.0000015026869,-85.99999783970858,63.0,1843.489501953125
-19.99999941818584,91.99999800667379,65.0,1851.7032470703125
-2.0355549961366507e-12,66.00000183661733,57.0,1830.989013671875
-144.00000400716507,-47.000000169529294,61.0,1839.661376953125
127.00000467246183,-62.99999833804013,59.0,1848.6981201171875
161.99999767787153,-28.000000209988553,61.0,1820.912109375
108.0000030053738,-154.99999634471394,61.0,1849.5767822265625
-2.0355549961366507e-12,-9.000000250447817,59.0,1824.4168701171875
18.000000500895634,83.00000117132056,59.0,1835.794189453125
-2.0355549961366507e-12,164.99999434625954,64.0,1827.3134765625
-72.00000200358254,166.00000234264112,66.0,1827.34423828125
36.00000100179127,59.00000050345972,63.0,1829.5792236328125
107.00000183918141,134.00000600561944,58.0,1845.1302490234375
144.00000400716507,-102.00000283840859,63.0,1826.3426513671875
54.0000015026869,-12.000000333930423,60.0,1823.9276123046875
-125.99999667608026,-140.9999936783987,61.0,1840.69482421875
72.00000200358254,147.9999950115563,60.0,1823.340576171875
-110.99999967376182,79.99999767274336,60.0,1835.506103515625
-161.99999767787153,-173.99999801180195,61.0,1842.0787353515625
178.99999701257477,25.00000012650595,62.0,1850.2259521484375
-142.9999960107835,-53.0000003364945,62.0,1840.388916015625
-161.99999767787153,-123.00000000769224,64.0,1823.37939453125
-161.99999767787153,164.99999434625954,64.0,1827.81884765625
-36.00000100179127,154.0000020087107,58.0,1823.6676025390625
125.99999667608026,-62.99999833804013,61.0,1849.365966796875
-18.999999959540737,-61.000002835844505,60.0,1849.717041015625
125.99999667608026,44.00000008604669,58.0,1845.1287841796875
-90.99999684048139,48.00000133572169,55.0,1844.71630859375
36.99999875288908,168.99999901102913,64.0,1827.998779296875
-125.99999667608026,28.99999966863366,57.0,1850.115234375
-18.000000500895634,-159.0000010094835,68.0,1850.4058837890625
-90.99999684048139,-117.0000066709162,61.0,1822.779296875
-125.99999667608026,83.00000117132056,57.0,1837.5335693359375
125.00000234007703,12.000000333930423,59.0,1841.601806640625
0.9999999922536332,-96.00000267144338,59.0,1828.62060546875
-72.00000200358254,-173.99999801180195,65.0,1843.5076904296875
-161.99999767787153,-151.9999996763259,60.0,1850.2535400390625
-36.99999875288908,154.0000020087107,58.0,1824.665283203125
159.0000010094835,115.00000433853141,63.0,1857.4837646484375
-90.99999684048139,117.0000066709162,63.0,1857.842529296875
-109.99999850756943,-175.00000600818353,64.0,1844.44873046875
127.00000467246183,-79.99999767274336,63.0,1845.08447265625
-178.99999701257477,-135.00000034162267,58.0,1840.848876953125
15.000000417413029,9.000000250447817,60.0,1843.296630859375
127.00000467246183,102.00000283840859,59.0,1853.8262939453125
-142.9999960107835,151.00000534032267,59.0,1826.378173828125
16.999999334703237,61.000002835844505,60.0,1832.0130615234375
-127.00000467246183,-79.99999767274336,62.0,1845.361328125
123.00000000769224,-154.99999634471394,63.0,1852.08154296875
-54.0000015026869,114.000003172339,61.0,1859.3072509765625
54.0000015026869,-82.00000000512816,63.0,1845.9964599609375
71.00000083739013,-60.000001669652114,57.0,1850.9656982421875
-71.00000083739013,-135.00000034162267,61.0,1842.75244140625
73.00000316977493,-176.00000034418676,63.0,1845.737548828125
161.99999767787153,152.99999401232913,61.0,1826.64013671875
109.99999850756943,-154.0000020087107,64.0,1852.216552734375
33.99999866940647,62.99999833804013,60.0,1832.34326171875
-34.99999983559887,-97.999998173639,61.0,1829.77978515625
-108.0000030053738,82.00000000512816,62.0,1840.0426025390625
108.0000030053738,-12.000000333930423,63.0,1828.57373046875
-163.0000056742531,120.99999767530745,59.0,1858.674072265625
-73.00000316977493,-94.00000033905859,60.0,1830.7293701171875
-90.99999684048139,-98.9999993398314,62.0,1831.245361328125
108.99999734137702,11.000000021511672,62.0,1845.168701171875
-0.9999999922536332,-4.99999985454646,57.0,1828.5718994140625
161.0000033418683,171.99999567941717,65.0,1831.8013916015625
-127.99999900846505,118.99999534292266,59.0,1859.262939453125
-127.00000467246183,-86.99999900590097,64.0,1846.8544921875
-90.99999684048139,48.00000133572169,58.0,1847.5548095703125
159.0000010094835,115.00000433853141,61.0,1859.516357421875
-73.00000316977493,134.00000600561944,60.0,1846.4879150390625
-161.99999767787153,45.999999003336896,57.0,1846.9088134765625
-18.999999959540737,83.00000117132056,59.0,1840.7625732421875
-72.00000200358254,173.99999801180195,59.0,1832.9559326171875
-54.0000015026869,-137.99999701001067,60.0,1842.298583984375
-161.99999767787153,134.00000600561944,59.0,1846.7122802734375
123.00000000769224,42.99999891985429,61.0,1847.0177001953125
-73.99999750577815,-31.999999752116263,62.0,1822.3277587890625
-164.00000001025631,97.999998173639,61.0,1855.7730712890625
123.99999434369548,12.000000333930423,62.0,1845.40966796875
33.99999866940647,28.000000209988553,58.0,1853.1651611328125
106.000000672989,-132.00000367323466,58.0,1841.897216796875
-127.99999900846505,67.99999733881295,57.0,1832.23388671875
142.9999960107835,96.99999700744661,62.0,1855.6611328125
139.99999934239548,-135.9999946776259,60.0,1843.1429443359375
-53.0000003364945,-25.00000012650595,60.0,1823.42529296875
88.00000017209338,48.00000133572169,57.0,1847.4786376953125
33.99999866940647,115.00000433853141,62.0,1859.91015625
-73.00000316977493,-135.00000034162267,61.0,1842.8343505859375
176.00000034418676,79.99999767274336,61.0,1840.9569091796875
-144.9999983431683,-159.0000010094835,63.0,1854.0457763671875
-180.00000500895632,-156.0000043410955,62.0,1853.1700439453125
-161.0000033418683,-47.000000169529294,63.0,1852.6322021484375
127.00000467246183,-156.0000043410955,62.0,1864.307861328125
161.99999767787153,-168.99999901102913,60.0,1858.1810302734375
176.00000034418676,-82.00000000512816,61.0,1858.316650390625
107.00000183918141,-101.00000167221619,64.0,1842.507080078125
-37.999999919081475,149.99999734394112,62.0,1838.451416015625
-73.00000316977493,-21.00000058437824,53.0,1835.3245849609375
36.00000100179127,-104.99999950679661,66.0,1844.28271484375
18.000000500895634,166.99999667864435,64.0,1844.1822509765625
-19.99999941818584,98.9999993398314,62.0,1867.8046875
107.00000183918141,134.00000600561944,59.0,1858.4302978515625
106.000000672989,-3.999999969014533,57.0,1840.70458984375
-56.000000419977106,67.00000300280972,57.0,1845.24853515625
-18.999999959540737,9.99999970909292,61.0,1857.8662109375
53.0000003364945,134.00000600561944,61.0,1858.5938720703125
0.9999999922536332,171.99999567941717,61.0,1843.0137939453125
-39.00000108527387,66.00000183661733,59.0,1844.4759521484375
-163.0000056742531,-152.99999401232913,58.0,1864.838134765625
-107.00000183918141,-173.00000367579872,63.0,1859.7952880859375
123.99999434369548,-42.99999891985429,58.0,1852.947021484375
-36.00000100179127,-168.0000046750259,61.0,1859.23974609375
36.00000100179127,156.99999867709872,59.0,1837.9375
67.99999733881295,156.0000043410955,58.0,1837.829345703125
51.999999170302104,7.999999938029066,63.0,1857.7476806640625
125.00000234007703,28.99999966863366,61.0,1866.1309814453125
107.00000183918141,-0.9999999922536332,58.0,1841.0609130859375
123.99999434369548,79.99999767274336,62.0,1850.4864501953125
71.00000083739013,166.99999667864435,64.0,1843.6888427734375
-127.99999900846505,-9.99999970909292,63.0,1841.3427734375
-164.00000001025631,45.999999003336896,59.0,1858.6236572265625
-163.0000056742531,41.00000000256408,63.0,1859.22412109375
53.0000003364945,-159.0000010094835,66.0,1864.691650390625
-127.00000467246183,134.00000600561944,59.0,1858.7171630859375
-109.99999850756943,137.00000267400745,60.0,1857.975341796875
-144.9999983431683,135.9999946776259,60.0,1858.369140625
-37.999999919081475,154.0000020087107,60.0,1839.54833984375
-90.99999684048139,-135.9999946776259,61.0,1854.5096435546875
71.00000083739013,33.000000918308665,59.0,1866.8428955078125
-73.99999750577815,-151.9999996763259,60.0,1865.4954833984375
161.99999767787153,83.00000117132056,62.0,1852.86669921875
104.99999950679661,152.99999401232913,62.0,1839.1190185546875
161.0000033418683,69.99999967119774,68.0,1853.6439208984375
161.0000033418683,94.00000033905859,64.0,1868.5379638671875
123.99999434369548,-139.00000500639226,64.0,1855.0345458984375
125.00000234007703,-19.99999941818584,57.0,1835.35791015625
36.99999875288908,154.99999634471394,59.0,1839.4725341796875
161.0000033418683,66.00000183661733,58.0,1846.213623046875
51.999999170302104,-7.000000052497138,61.0,1841.8565673828125
16.999999334703237,-151.9999996763259,61.0,1866.027587890625
-18.999999959540737,-158.00000667348027,65.0,1865.6663818359375
89.00000133828577,-12.000000333930423,62.0,1842.0224609375
142.9999960107835,28.000000209988553,59.0,1866.65185546875
-18.999999959540737,66.00000183661733,59.0,1845.7845458984375
-163.0000056742531,96.00000267144338,60.0,1868.9617919921875
-56.000000419977106,67.99999733881295,58.0,1845.27197265625
-127.99999900846505,48.9999990868195,58.0,1859.999755859375
161.0000033418683,151.9999996763259,60.0,1839.5335693359375
-36.99999875288908,96.99999700744661,63.0,1868.1339111328125
34.99999983559887,33.000000918308665,57.0,1867.36181640625
107.00000183918141,-118.99999534292266,63.0,1838.7821044921875
125.00000234007703,-139.99999934239548,63.0,1855.7265625
53.0000003364945,142.00000167478026,53.0,1858.839111328125
33.000000918308665,-118.99999534292266,59.0,1837.90234375
33.99999866940647,-112.00000083995421,59.0,1838.0972900390625
-73.99999750577815,14.000000104994276,57.0,1857.3480224609375
-3.0000000834826057,154.0000020087107,59.0,1840.08203125
-73.00000316977493,-27.00000075134345,58.0,1837.6533203125
-127.00000467246183,65.00000067042492,58.0,1845.7381591796875
107.00000183918141,149.0000030079379,60.0,1839.8218994140625
144.00000400716507,94.00000033905859,66.0,1867.748779296875
-146.00000633954986,-63.99999950423253,63.0,1865.0069580078125
-18.999999959540737,-96.00000267144338,62.0,1842.845458984375
-163.0000056742531,-135.00000034162267,60.0,1855.7855224609375
140.9999936783987,-159.99999534548672,66.0,1865.6676025390625
86.99999900590097,42.00000116875648,59.0,1859.738525390625
108.0000030053738,-84.00000233751295,62.0,1858.8387451171875
89.00000133828577,62.99999833804013,58.0,1844.4193115234375
53.0000003364945,-154.0000020087107,61.0,1864.1510009765625
-36.00000100179127,28.000000209988553,59.0,1865.5584716796875
-108.99999734137702,98.9999993398314,61.0,1867.511474609375
-19.99999941818584,173.00000367579872,58.0,1842.6552734375
-127.00000467246183,65.00000067042492,58.0,1845.4166259765625
-91.99999800667379,-65.00000067042492,61.0,1864.6710205078125
-0.9999999922536332,-44.00000008604669,59.0,1855.490234375
-90.99999684048139,96.99999700744661,60.0,1866.577392578125
36.00000100179127,28.99999966863366,62.0,1865.5556640625
34.99999983559887,-159.0000010094835,64.0,1865.2962646484375
-161.99999767787153,-7.999999938029066,60.0,1840.9898681640625
16.999999334703237,98.9999993398314,59.0,1866.9390869140625
-90.99999684048139,173.00000367579872,61.0,1843.7408447265625
-18.000000500895634,-27.00000075134345,61.0,1837.7200927734375
-108.0000030053738,168.99999901102913,63.0,1843.5723876953125
-144.9999983431683,47.000000169529294,57.0,1861.495849609375
-54.0000015026869,65.00000067042492,59.0,1846.5687255859375
91.99999800667379,79.99999767274336,64.0,1851.909912109375
142.9999960107835,-47.000000169529294,58.0,1853.8050537109375
125.00000234007703,120.00000333930423,62.0,1873.061767578125
88.00000017209338,-115.00000433853141,58.0,1838.702392578125
142.00000167478026,-78.00000217054775,57.0,1860.81396484375
15.999999876058132,-171.99999567941717,64.0,1863.2891845703125
33.000000918308665,-168.0000046750259,60.0,1862.6922607421875
-92.99999917286618,45.00000125223908,60.0,1862.221435546875
-127.99999900846505,-7.999999938029066,58.0,1844.286376953125
-18.999999959540737,137.00000267400745,58.0,1862.018310546875
-112.00000083995421,65.00000067042492,59.0,1849.0654296875
-36.00000100179127,-79.00000333674014,57.0,1860.28125
-19.99999941818584,-132.99999800923788,57.0,1855.1046142578125
-90.00000250447816,-84.99999667351618,64.0,1861.140625
161.99999767787153,-166.99999667864435,58.0,1861.4208984375
142.9999960107835,154.99999634471394,60.0,1844.0069580078125
67.99999733881295,-6.000000166965211,59.0,1847.52734375
-37.999999919081475,-152.99999401232913,60.0,1870.5279541015625
-92.99999917286618,63.99999950423253,59.0,1851.2850341796875
15.999999876058132,-78.00000217054775,60.0,1865.4876708984375
-19.99999941818584,104.99999950679661,58.0,1875.8671875
159.99999534548672,-80.99999883893577,60.0,1868.36474609375
-37.999999919081475,11.000000021511672,61.0,1868.5799560546875
142.00000167478026,54.0000015026869,56.0,1869.2130126953125
-73.99999750577815,173.99999801180195,58.0,1853.056396484375
-108.99999734137702,-67.00000300280972,61.0,1875.6298828125
-54.999999253784715,50.0000002530119,57.0,1870.403076171875
-127.00000467246183,-120.99999767530745,63.0,1848.55712890625
125.00000234007703,85.99999783970858,62.0,1861.619873046875
15.999999876058132,30.000000834826057,60.0,1875.1754150390625
-91.99999800667379,48.9999990868195,56.0,1868.693359375
-2.0355549961366507e-12,-7.999999938029066,61.0,1851.6466064453125
106.000000672989,-25.00000012650595,59.0,1846.080810546875
159.99999534548672,-156.0000043410955,62.0,1875.990966796875
123.99999434369548,-156.99999867709872,64.0,1875.99755859375
53.0000003364945,149.0000030079379,61.0,1848.8643798828125
86.99999900590097,101.00000167221619,60.0,1882.2042236328125
106.000000672989,-60.000001669652114,61.0,1878.1651611328125
161.0000033418683,-78.00000217054775,59.0,1872.04833984375
-164.99999434625954,78.00000217054775,63.0,1866.89990234375
15.000000417413029,42.99999891985429,61.0,1872.8896484375
-18.000000500895634,-169.99999334703236,64.0,1871.169921875
-164.00000001025631,-80.99999883893577,65.0,1872.3232421875
51.999999170302104,101.00000167221619,63.0,1880.290771484375
108.0000030053738,-25.999999585151052,59.0,1848.513671875
33.000000918308665,-135.00000034162267,60.0,1868.4364013671875
107.00000183918141,147.00000067555308,61.0,1852.8507080078125
-19.99999941818584,-102.00000283840859,65.0,1858.0093994140625
69.99999967119774,66.00000183661733,60.0,1859.4693603515625
-147.00000067555308,-135.9999946776259,59.0,1869.208740234375
15.000000417413029,-115.99999867453464,60.0,1851.4847412109375
-94.00000033905859,-45.999999003336896,58.0,1868.401611328125
68.99999850500534,-61.000002835844505,59.0,1879.5743408203125
15.999999876058132,98.9999993398314,63.0,1884.1839599609375
142.00000167478026,-80.99999883893577,63.0,1875.3350830078125
-1.9999999845072665,108.0000030053738,58.0,1883.563232421875
-19.99999941818584,-115.00000433853141,60.0,1852.5804443359375
140.9999936783987,-158.00000667348027,62.0,1880.1934814453125
-57.0000015861695,-100.0000005060238,63.0,1859.4552001953125
-37.999999919081475,-11.000000021511672,62.0,1857.16552734375
-37.999999919081475,-151.00000534032267,59.0,1879.169189453125
104.99999950679661,-65.00000067042492,63.0,1879.254150390625
-74.99999867197056,-24.000000667860846,60.0,1850.0552978515625
-108.0000030053738,15.999999876058132,57.0,1875.670654296875
15.999999876058132,-25.00000012650595,61.0,1853.010498046875
-146.00000633954986,-125.00000234007703,63.0,1854.5531005859375
159.99999534548672,-61.99999717184774,61.0,1881.6669921875
159.99999534548672,-171.00000134341394,63.0,1877.035400390625
-73.99999750577815,-130.00000134084985,57.0,1871.3018798828125
159.99999534548672,-11.000000021511672,61.0,1858.056396484375
-1.9999999845072665,-79.99999767274336,60.0,1878.9036865234375
-56.000000419977106,-62.99999833804013,63.0,1885.2138671875
140.9999936783987,134.00000600561944,59.0,1879.7626953125
123.99999434369548,120.00000333930423,61.0,1892.2989501953125
-109.99999850756943,154.0000020087107,62.0,1859.7603759765625
-54.999999253784715,173.99999801180195,58.0,1864.3953857421875
-92.99999917286618,79.00000333674014,62.0,1873.6279296875
34.99999983559887,45.00000125223908,61.0,1878.241943359375
-18.999999959540737,137.00000267400745,59.0,1879.28125
-128.9999933444683,-132.99999800923788,60.0,1874.63427734375
-144.9999983431683,79.00000333674014,64.0,1872.96826171875
-73.00000316977493,84.00000233751295,60.0,1872.46044921875
16.999999334703237,-142.00000167478026,64.0,1875.2005615234375
142.9999960107835,166.00000234264112,65.0,1864.7427978515625
-56.000000419977106,100.0000005060238,61.0,1888.834716796875
16.999999334703237,63.99999950423253,61.0,1871.1812744140625
-36.00000100179127,130.99999567685308,58.0,1889.8848876953125
-125.99999667608026,-59.00000050345972,61.0,1887.7894287109375
-125.00000234007703,-123.00000000769224,60.0,1860.0772705078125
-34.99999983559887,98.9999993398314,60.0,1882.345458984375
-16.999999334703237,45.00000125223908,57.0,1875.27197265625
-72.00000200358254,-137.00000267400745,57.0,1866.1802978515625
161.99999767787153,44.00000008604669,60.0,1869.95751953125
36.00000100179127,-118.99999534292266,55.0,1848.427490234375
73.00000316977493,-156.0000043410955,61.0,1874.1221923828125
-161.0000033418683,24.000000667860846,60.0,1873.9793701171875
0.9999999922536332,39.99999883637168,61.0,1870.924072265625
-125.00000234007703,-30.99999858592387,60.0,1847.6571044921875
-53.0000003364945,110.99999967376182,62.0,1882.2000732421875
109.99999850756943,9.000000250447817,59.0,1863.2132568359375
-142.00000167478026,-84.00000233751295,62.0,1866.1705322265625
-106.000000672989,-103.99999834060421,62.0,1849.3624267578125
-15.999999876058132,149.99999734394112,60.0,1850.28515625
-53.0000003364945,113.00000200614662,63.0,1882.3424072265625
144.9999983431683,-175.00000600818353,63.0,1867.848388671875
146.00000633954986,-90.00000250447816,65.0,1867.743896484375
127.99999900846505,135.00000034162267,57.0,1876.5126953125
18.999999959540737,-28.000000209988553,60.0,1849.9478759765625
36.99999875288908,-103.99999834060421,63.0,1851.69677734375
-106.000000672989,-78.00000217054775,58.0,1866.394775390625
-107.00000183918141,61.99999717184774,57.0,1856.534423828125
-51.999999170302104,-65.00000067042492,64.0,1873.123779296875
144.9999983431683,-102.00000283840859,61.0,1847.652587890625
-123.99999434369548,-127.00000467246183,62.0,1851.1707763671875
-140.9999936783987,-34.99999983559887,62.0,1849.6871337890625
127.99999900846505,115.00000433853141,57.0,1881.391357421875
-178.00000267657154,-158.00000667348027,64.0,1873.773681640625
37.999999919081475,-122.00000567168901,61.0,1848.745849609375
-178.99999701257477,-63.99999950423253,58.0,1876.640869140625
-107.00000183918141,80.99999883893577,60.0,1850.392578125
-142.9999960107835,-137.00000267400745,57.0,1870.205810546875
36.99999875288908,3.999999969014533,61.0,1864.510498046875
37.999999919081475,-144.9999983431683,68.0,1862.3753662109375
125.00000234007703,-67.00000300280972,62.0,1875.9732666015625
-18.000000500895634,96.00000267144338,61.0,1882.690185546875
108.99999734137702,95.00000150525098,60.0,1881.243408203125
107.00000183918141,-175.00000600818353,60.0,1873.51025390625
73.00000316977493,-137.00000267400745,58.0,1877.9683837890625
108.0000030053738,-156.99999867709872,61.0,1887.072021484375
-161.0000033418683,-33.000000918308665,62.0,1862.55712890625
-36.00000100179127,169.99999334703236,61.0,1867.7642822265625
127.00000467246183,-89.00000133828577,63.0,1884.1473388671875
-107.00000183918141,94.00000033905859,61.0,1888.6568603515625
128.9999933444683,-47.000000169529294,60.0,1886.2398681640625
90.00000250447816,118.99999534292266,61.0,1899.59326171875
-123.00000000769224,-51.000001419204295,61.0,1884.5711669921875
74.99999867197056,-152.99999401232913,58.0,1892.8343505859375
123.99999434369548,-69.99999967119774,63.0,1890.274658203125
-34.99999983559887,-33.99999866940647,61.0,1862.086181640625
-104.99999950679661,18.999999959540737,62.0,1889.791259765625
147.00000067555308,-156.99999867709872,64.0,1888.7598876953125
36.99999875288908,-173.00000367579872,62.0,1880.297119140625
-2.0355549961366507e-12,-9.000000250447817,59.0,1861.0079345703125
-127.00000467246183,28.000000209988553,58.0,1888.04736328125
92.99999917286618,-104.99999950679661,65.0,1863.880859375
-34.99999983559887,147.9999950115563,60.0,1868.8148193359375
90.99999684048139,-171.99999567941717,63.0,1886.4775390625
73.00000316977493,134.00000600561944,59.0,1922.3868408203125
-108.0000030053738,117.0000066709162,60.0,1887.7119140625
-108.99999734137702,154.0000020087107,59.0,1859.8946533203125
90.99999684048139,-47.000000169529294,58.0,1887.574951171875
36.00000100179127,7.000000052497138,59.0,1886.1307373046875
142.9999960107835,-48.9999990868195,60.0,1886.3560791015625
125.00000234007703,9.000000250447817,60.0,1889.8935546875
89.00000133828577,113.00000200614662,64.0,1903.2958984375
-71.00000083739013,168.0000046750259,63.0,1875.5897216796875
123.99999434369548,151.9999996763259,61.0,1870.642333984375
15.999999876058132,97.999998173639,59.0,1911.8763427734375
-109.99999850756943,-154.0000020087107,63.0,1901.630126953125
142.00000167478026,-25.999999585151052,61.0,1866.06103515625
-39.00000108527387,-159.0000010094835,62.0,1892.3603515625
-147.9999950115563,137.00000267400745,58.0,1889.8133544921875
-39.00000108527387,173.99999801180195,63.0,1877.3519287109375
-41.00000000256408,86.99999900590097,63.0,1883.23046875
-22.000000043023345,-7.999999938029066,61.0,1877.43408203125
-77.00000100435535,-90.99999684048139,59.0,1881.2586669921875
103.99999834060421,-168.99999901102913,61.0,1892.45556640625
14.000000104994276,15.000000417413029,61.0,1886.344482421875
-130.99999567685308,68.99999850500534,58.0,1869.84375
159.0000010094835,-168.99999901102913,62.0,1883.7027587890625
159.0000010094835,173.99999801180195,60.0,1864.765625
31.999999752116263,79.99999767274336,64.0,1872.2158203125
122.00000567168901,-19.99999941818584,62.0,1844.4490966796875
-112.00000083995421,48.00000133572169,57.0,1864.70654296875
-24.000000667860846,-113.00000200614662,56.0,1842.7725830078125
-112.00000083995421,-94.00000033905859,62.0,1852.709716796875
-166.99999667864435,-41.00000000256408,58.0,1853.4615478515625
84.00000233751295,173.00000367579872,60.0,1844.9400634765625
-19.99999941818584,158.00000667348027,58.0,1845.28662109375
-163.0000056742531,-25.00000012650595,59.0,1827.979736328125
14.000000104994276,173.00000367579872,62.0,1856.6829833984375
107.00000183918141,149.99999734394112,65.0,1835.6513671875
-125.99999667608026,-65.00000067042492,62.0,1866.44287109375
88.00000017209338,94.00000033905859,66.0,1875.798095703125
-91.99999800667379,-134.00000600561944,60.0,1855.2216796875
-73.00000316977493,135.9999946776259,57.0,1860.8067626953125
-107.00000183918141,62.99999833804013,58.0,1851.2264404296875
176.00000034418676,-61.99999717184774,63.0,1870.8372802734375
-146.00000633954986,82.00000000512816,62.0,1859.9732666015625
-164.00000001025631,-123.99999434369548,68.0,1833.1876220703125
-109.99999850756943,67.99999733881295,60.0,1841.14990234375
120.99999767530745,-108.99999734137702,61.0,1839.61865234375
-57.0000015861695,122.00000567168901,55.0,1871.8272705078125
-164.99999434625954,173.00000367579872,61.0,1850.3760986328125
107.00000183918141,28.99999966863366,61.0,1873.4017333984375
104.99999950679661,156.99999867709872,56.0,1849.52685546875
-109.99999850756943,-101.00000167221619,59.0,1856.1461181640625
-146.00000633954986,151.00000534032267,59.0,1847.9658203125
33.99999866940647,42.00000116875648,63.0,1861.018798828125
-90.00000250447816,-27.00000075134345,60.0,1849.5955810546875
15.000000417413029,65.00000067042492,57.0,1847.650390625
103.99999834060421,80.99999883893577,60.0,1850.5960693359375
-3.999999969014533,-42.00000116875648,59.0,1852.4796142578125
-128.9999933444683,139.00000500639226,58.0,1858.3133544921875
33.000000918308665,-78.00000217054775,61.0,1845.697021484375
-74.99999867197056,50.0000002530119,59.0,1851.1488037109375
12.000000333930423,-135.9999946776259,63.0,1836.743896484375
90.00000250447816,115.99999867453464,62.0,1870.5872802734375
-2.0355549961366507e-12,-117.0000066709162,63.0,1831.750244140625
-146.00000633954986,137.00000267400745,58.0,1833.19384765625
-54.999999253784715,-45.999999003336896,60.0,1836.9385986328125
34.99999983559887,-9.99999970909292,63.0,1825.4573974609375
12.000000333930423,-154.0000020087107,62.0,1838.3218994140625
33.99999866940647,144.00000400716507,58.0,1832.63232421875
50.0000002530119,-66.00000183661733,61.0,1853.038330078125
-128.9999933444683,71.00000083739013,55.0,1819.0855712890625
-3.999999969014533,-152.99999401232913,65.0,1871.1624755859375
-164.99999434625954,154.0000020087107,64.0,1818.0675048828125
-21.00000058437824,86.99999900590097,58.0,1843.6490478515625
120.99999767530745,102.99999717441182,65.0,1852.00341796875
33.000000918308665,-98.9999993398314,66.0,1829.4327392578125
-2.0355549961366507e-12,135.00000034162267,60.0,1834.1298828125
72.00000200358254,-79.99999767274336,62.0,1848.7781982421875
-18.999999959540737,-61.000002835844505,59.0,1872.8809814453125
-73.00000316977493,30.000000834826057,57.0,1875.4942626953125
156.99999867709872,102.99999717441182,63.0,1872.5426025390625
