127.999999008465,152.999994012329,13,5609.51171875
61.0000028358445,-42.0000011687565,20,5558.58740234375
-102.999997174412,147.999995011556,14,5116.32470703125
60.0000016696521,-161.999997677872,14,5036.26708984375
28.000000209988553,-115.00000433853141,25.0,5425.326171875
7.000000052497138,-57.0000015861695,18.0,5076.955078125
113.00000200614662,-1.9999999845072665,17.0,5093.78515625
21.00000058437824,-51.000001419204295,19.0,5130.1064453125
-47.000000169529294,-54.999999253784715,18.0,5109.142578125
-101.00000167221619,69.99999967119774,16.0,5080.41943359375
-82.00000000512816,-59.00000050345972,18.0,5092.134765625
115.99999867453464,-144.00000400716507,14.0,5106.93310546875
169.99999334703236,-7.000000052497138,17.0,5058.76513671875
-12.999999792575526,-24.000000667860846,18.0,5096.384765625
7.000000052497138,44.00000008604669,18.0,5107.38427734375
7.000000052497138,9.000000250447817,18.0,5055.3203125
42.00000116875648,-178.99999701257477,14.0,5070.3876953125
22.999999501668448,-142.00000167478026,15.0,5105.99609375
-100.0000005060238,102.99999717441182,18.0,5045.486328125
130.99999567685308,7.000000052497138,22.0,5049.96728515625
168.99999901102913,9.000000250447817,19.0,5049.095703125
-135.9999946776259,-114.000003172339,17.0,5107.4267578125
132.99999800923788,-142.9999960107835,14.0,5105.875
-137.00000267400745,-146.00000633954986,17.0,5104.9892578125
-50.0000002530119,-117.0000066709162,20.0,5101.93994140625
-30.000000834826057,107.00000183918141,16.0,5050.1240234375
96.99999700744661,110.99999967376182,17.0,5049.4501953125
-137.00000267400745,-110.99999967376182,17.0,5105.95947265625
61.000002835844505,-59.00000050345972,17.0,5089.14892578125
-102.00000283840859,-61.000002835844505,20.0,5090.32568359375
-84.00000233751295,144.00000400716507,15.0,5109.8583984375
-101.00000167221619,-60.000001669652114,18.0,5084.64599609375
-101.00000167221619,-173.99999801180195,14.0,5064.39453125
78.00000217054775,-9.000000250447817,20.0,5044.43017578125
149.99999734394112,84.00000233751295,16.0,5038.72998046875
168.0000046750259,-106.000000672989,15.0,5093.0458984375
147.00000067555308,-27.00000075134345,18.0,5087.8896484375
7.000000052497138,-108.0000030053738,14.0,5097.6748046875
168.99999901102913,67.00000300280972,15.0,5082.59716796875
79.00000333674014,164.99999434625954,13.0,5092.54931640625
115.00000433853141,-107.00000183918141,15.0,5094.060546875
-137.00000267400745,27.00000075134345,17.0,5076.18115234375
61.99999717184774,142.9999960107835,16.0,5096.79443359375
-45.999999003336896,27.00000075134345,19.0,5073.4501953125
61.99999717184774,-75.99999983816295,17.0,5040.9306640625
-118.00000100691943,67.00000300280972,18.0,5076.80517578125
-47.000000169529294,-39.00000108527387,19.0,5092.2529296875
-173.00000367579872,-161.0000033418683,17.0,5055.39306640625
-83.00000117132056,-163.0000056742531,16.0,5053.2392578125
-11.000000021511672,-146.00000633954986,18.0,5093.8779296875
-9.000000250447817,-42.00000116875648,19.0,5093.9375
-11.000000021511672,-78.00000217054775,20.0,5040.0234375
149.0000030079379,-78.00000217054775,17.0,5037.5048828125
-84.00000233751295,14.000000104994276,17.0,5033.681640625
168.0000046750259,-176.00000034418676,14.0,5047.30615234375
-102.00000283840859,-67.99999733881295,14.0,5036.7060546875
97.999998173639,147.00000067555308,15.0,5092.123046875
-65.00000067042492,-28.99999966863366,18.0,5076.87255859375
169.99999334703236,-96.00000267144338,16.0,5035.69580078125
78.00000217054775,28.99999966863366,20.0,5072.99462890625
168.99999901102913,176.00000034418676,15.0,5052.48193359375
-82.00000000512816,-110.99999967376182,15.0,5089.921875
-28.99999966863366,-72.00000200358254,20.0,5037.60107421875
-82.00000000512816,4.99999985454646,18.0,5036.32373046875
-65.00000067042492,-159.99999534548672,16.0,5055.81640625
115.00000433853141,82.00000000512816,18.0,5028.00927734375
134.00000600561944,27.00000075134345,17.0,5068.94140625
42.99999891985429,139.99999934239548,17.0,5090.89697265625
-135.9999946776259,137.99999701001067,18.0,5090.1513671875
117.0000066709162,-9.99999970909292,16.0,5036.16015625
-156.0000043410955,-114.000003172339,16.0,5086.07470703125
-154.99999634471394,100.0000005060238,19.0,5028.439453125
115.00000433853141,12.999999792575526,16.0,5034.232421875
-9.99999970909292,-166.00000234264112,18.0,5051.8154296875
25.999999585151052,-78.00000217054775,18.0,5035.75244140625
-28.000000209988553,-156.0000043410955,16.0,5053.19482421875
-9.99999970909292,-108.0000030053738,14.0,5092.84765625
-82.00000000512816,-22.000000043023345,18.0,5080.0234375
96.99999700744661,120.00000333930423,17.0,5066.65087890625
-154.99999634471394,-1.9999999845072665,16.0,5036.47216796875
151.00000534032267,-176.99999468018999,15.0,5050.90380859375
151.00000534032267,144.00000400716507,17.0,5093.6640625
60.000001669652114,-59.00000050345972,18.0,5067.29052734375
-45.999999003336896,-75.99999983816295,18.0,5032.21240234375
27.00000075134345,-27.00000075134345,17.0,5083.4599609375
9.000000250447817,137.99999701001067,16.0,5089.90771484375
-45.999999003336896,-62.99999833804013,17.0,5070.810546875
7.000000052497138,-22.000000043023345,17.0,5079.85009765625
25.00000012650595,-21.00000058437824,16.0,5082.16357421875
45.999999003336896,117.0000066709162,18.0,5074.28857421875
-28.000000209988553,-22.999999501668448,17.0,5090.853515625
132.99999800923788,-7.999999938029066,18.0,5051.7197265625
-98.9999993398314,142.9999960107835,15.0,5104.43798828125
25.00000012650595,-54.999999253784715,16.0,5088.212890625
115.00000433853141,-95.00000150525098,17.0,5059.9375
-27.00000075134345,176.99999468018999,16.0,5083.88134765625
-171.00000134341394,59.00000050345972,19.0,5105.59619140625
25.00000012650595,-178.00000267657154,14.0,5081.2919921875
-101.00000167221619,-164.00000001025631,18.0,5082.09033203125
-135.9999946776259,-60.000001669652114,19.0,5094.935546875
-117.0000066709162,-163.0000056742531,17.0,5076.3193359375
-9.99999970909292,-168.0000046750259,19.0,5082.6748046875
-152.99999401232913,-176.99999468018999,14.0,5081.7119140625
7.999999938029066,125.00000234007703,16.0,5089.6640625
-9.99999970909292,7.000000052497138,16.0,5060.85205078125
134.00000600561944,142.00000167478026,15.0,5118.337890625
135.00000034162267,-127.00000467246183,15.0,5134.91796875
96.99999700744661,-151.00000534032267,18.0,5112.77880859375
-135.9999946776259,-73.99999750577815,16.0,5058.98193359375
135.9999946776259,178.00000267657154,15.0,5081.376953125
-79.99999767274336,4.99999985454646,18.0,5056.8759765625
98.9999993398314,-110.99999967376182,14.0,5118.62353515625
42.99999891985429,-24.000000667860846,18.0,5106.79296875
-101.00000167221619,9.99999970909292,20.0,5061.83447265625
9.000000250447817,69.99999967119774,17.0,5105.85302734375
-9.000000250447817,-113.00000200614662,14.0,5121.865234375
-82.00000000512816,122.00000567168901,16.0,5092.12255859375
114.000003172339,118.00000100691943,18.0,5092.4638671875
152.99999401232913,78.00000217054775,18.0,5063.337890625
98.9999993398314,67.00000300280972,17.0,5105.5380859375
151.9999996763259,-25.999999585151052,17.0,5107.30224609375
25.999999585151052,-25.999999585151052,19.0,5106.5146484375
61.000002835844505,61.99999717184774,19.0,5106.6142578125
45.999999003336896,-159.99999534548672,14.0,5079.24658203125
-9.99999970909292,-28.99999966863366,18.0,5107.5283203125
151.9999996763259,-149.0000030079379,17.0,5114.65283203125
-62.99999833804013,27.00000075134345,20.0,5095.2822265625
115.99999867453464,62.99999833804013,17.0,5103.9638671875
7.999999938029066,-147.9999950115563,17.0,5118.2197265625
-98.9999993398314,164.00000001025631,17.0,5113.34326171875
59.00000050345972,-77.00000100435535,18.0,5061.70654296875
97.999998173639,118.99999534292266,18.0,5092.06005859375
44.00000008604669,178.99999701257477,16.0,5081.41455078125
-134.00000600561944,-146.00000633954986,19.0,5115.50537109375
61.000002835844505,123.00000000769224,17.0,5094.3955078125
24.000000667860846,-7.000000052497138,18.0,5062.4453125
-102.00000283840859,108.99999734137702,17.0,5056.70556640625
-137.00000267400745,-9.000000250447817,16.0,5058.1376953125
-48.00000133572169,142.9999960107835,16.0,5118.65185546875
97.999998173639,98.9999993398314,19.0,5054.08740234375
-118.99999534292266,176.99999468018999,17.0,5079.27587890625
-171.00000134341394,125.00000234007703,15.0,5094.48388671875
60.000001669652114,-142.9999960107835,15.0,5119.05908203125
-120.00000333930423,-57.99999933726732,16.0,5096.525390625
-137.00000267400745,-61.000002835844505,20.0,5095.0498046875
44.00000008604669,-132.99999800923788,19.0,5135.259765625
115.00000433853141,-159.99999534548672,15.0,5079.474609375
78.00000217054775,9.99999970909292,19.0,5062.52783203125
80.99999883893577,-128.9999933444683,17.0,5138.642578125
-9.99999970909292,6.000000166965211,18.0,5060.99951171875
-9.99999970909292,7.000000052497138,19.0,5061.12353515625
-45.999999003336896,85.99999783970858,18.0,5061.78173828125
-118.00000100691943,-12.000000333930423,20.0,5064.87548828125
-62.99999833804013,-6.000000166965211,16.0,5064.748046875
79.00000333674014,125.99999667608026,14.0,5091.373046875
-173.00000367579872,161.99999767787153,15.0,5113.3662109375
44.00000008604669,45.00000125223908,19.0,5119.0146484375
134.00000600561944,86.99999900590097,16.0,5059.9658203125
6.000000166965211,-4.99999985454646,15.0,5066.67333984375
168.99999901102913,-90.00000250447816,15.0,5072.904296875
-173.00000367579872,-21.00000058437824,16.0,5112.13916015625
44.00000008604669,-48.9999990868195,19.0,5124.38671875
-118.00000100691943,-54.999999253784715,18.0,5103.9736328125
25.00000012650595,28.000000209988553,18.0,5103.8447265625
151.00000534032267,-9.000000250447817,18.0,5069.02490234375
-137.00000267400745,-90.99999684048139,14.0,5071.9990234375
7.999999938029066,14.000000104994276,19.0,5065.08447265625
42.99999891985429,-178.99999701257477,14.0,5082.20556640625
41.00000000256408,144.00000400716507,16.0,5125.12939453125
-45.999999003336896,28.99999966863366,19.0,5097.93017578125
-171.00000134341394,42.99999891985429,19.0,5123.6083984375
-117.0000066709162,67.00000300280972,17.0,5112.4521484375
42.99999891985429,-57.99999933726732,15.0,5102.498046875
-171.00000134341394,-128.9999933444683,16.0,5143.41748046875
-154.0000020087107,118.00000100691943,20.0,5102.1796875
25.00000012650595,-21.00000058437824,16.0,5115.4169921875
-171.99999567941717,178.99999701257477,15.0,5085.71923828125
61.99999717184774,144.00000400716507,15.0,5124.904296875
-117.0000066709162,-25.00000012650595,15.0,5116.529296875
42.99999891985429,-74.99999867197056,21.0,5070.5849609375
-27.00000075134345,-63.99999950423253,21.0,5106.52099609375
168.99999901102913,-78.00000217054775,16.0,5070.72900390625
134.00000600561944,106.000000672989,14.0,5062.658203125
135.00000034162267,-92.99999917286618,15.0,5078.9033203125
-25.999999585151052,118.99999534292266,18.0,5103.3330078125
-11.000000021511672,30.99999858592387,20.0,5106.65478515625
-156.0000043410955,-47.000000169529294,16.0,5128.4208984375
-101.00000167221619,85.99999783970858,16.0,5067.91796875
-135.9999946776259,-4.99999985454646,15.0,5073.484375
-154.0000020087107,-60.000001669652114,20.0,5104.87744140625
135.00000034162267,-47.000000169529294,19.0,5127.07470703125
9.000000250447817,45.00000125223908,16.0,5124.87841796875
169.99999334703236,-144.00000400716507,15.0,5124.34912109375
-152.99999401232913,120.99999767530745,17.0,5095.54833984375
-9.99999970909292,-42.00000116875648,16.0,5126.52001953125
-100.0000005060238,-130.99999567685308,14.0,5145.62939453125
-63.99999950423253,9.000000250447817,21.0,5068.33251953125
25.00000012650595,80.99999883893577,19.0,5073.03662109375
-152.99999401232913,125.00000234007703,15.0,5101.16748046875
80.99999883893577,-90.00000250447816,15.0,5081.03857421875
-100.0000005060238,-25.999999585151052,17.0,5115.21826171875
-117.0000066709162,-77.00000100435535,17.0,5069.08837890625
-28.000000209988553,65.00000067042492,16.0,5114.8857421875
7.000000052497138,-78.00000217054775,17.0,5070.9404296875
-84.99999667351618,178.99999701257477,17.0,5087.00732421875
149.0000030079379,88.00000017209338,15.0,5069.2900390625
-63.99999950423253,159.99999534548672,16.0,5124.1982421875
-27.00000075134345,42.99999891985429,18.0,5126.44091796875
78.00000217054775,144.00000400716507,18.0,5126.0908203125
-152.99999401232913,-149.0000030079379,16.0,5123.40625
25.00000012650595,103.99999834060421,17.0,5060.7568359375
61.99999717184774,-42.99999891985429,16.0,5125.89697265625
-47.000000169529294,-6.000000166965211,17.0,5072.0712890625
96.99999700744661,-45.999999003336896,16.0,5128.017578125
132.99999800923788,-56.000000419977106,19.0,5108.4326171875
-61.99999717184774,-164.00000001025631,17.0,5087.31103515625
-118.00000100691943,-130.99999567685308,16.0,5139.53955078125
-98.9999993398314,-130.00000134084985,15.0,5134.85400390625
62.99999833804013,139.99999934239548,18.0,5119.775390625
134.00000600561944,47.000000169529294,16.0,5119.10693359375
-135.00000034162267,-142.00000167478026,13.0,5121.49267578125
-9.99999970909292,-98.9999993398314,17.0,5069.49951171875
-175.00000600818353,-142.00000167478026,18.0,5119.53662109375
-139.00000500639226,139.00000500639226,18.0,5121.99267578125
134.00000600561944,-161.0000033418683,16.0,5081.91259765625
-173.00000367579872,-60.000001669652114,15.0,5099.9443359375
-28.000000209988553,25.00000012650595,18.0,5096.63525390625
97.999998173639,-159.99999534548672,14.0,5078.43505859375
117.0000066709162,-27.00000075134345,17.0,5118.220703125
151.9999996763259,-108.0000030053738,13.0,5124.22705078125
-171.99999567941717,-125.99999667608026,15.0,5141.998046875
-65.00000067042492,166.00000234264112,15.0,5120.0966796875
169.99999334703236,84.99999667351618,14.0,5067.65478515625
79.99999767274336,161.99999767787153,13.0,5123.1005859375
132.99999800923788,140.9999936783987,15.0,5124.173828125
-83.00000117132056,-45.00000125223908,16.0,5122.11962890625
-12.999999792575526,7.000000052497138,20.0,5065.126953125
-82.00000000512816,-72.00000200358254,15.0,5063.49365234375
135.00000034162267,42.99999891985429,18.0,5118.36669921875
44.00000008604669,-178.99999701257477,16.0,5083.56787109375
61.99999717184774,-166.00000234264112,15.0,5084.1142578125
44.00000008604669,-44.00000008604669,17.0,5120.904296875
-171.99999567941717,-107.00000183918141,16.0,5123.01611328125
115.99999867453464,161.99999767787153,14.0,5119.2744140625
-27.00000075134345,-61.000002835844505,16.0,5099.71435546875
-25.999999585151052,7.000000052497138,19.0,5061.71240234375
115.00000433853141,106.000000672989,18.0,5059.70556640625
-118.00000100691943,-78.00000217054775,19.0,5070.2802734375
7.999999938029066,30.000000834826057,17.0,5103.62890625
-45.999999003336896,161.99999767787153,11.0,5122.70751953125
-62.99999833804013,142.9999960107835,15.0,5126.28662109375
115.99999867453464,-144.9999983431683,16.0,5122.0693359375
-117.0000066709162,66.00000183661733,17.0,5112.32763671875
134.00000600561944,-42.00000116875648,18.0,5128.07763671875
-82.00000000512816,-95.00000150525098,15.0,5084.07373046875
-154.99999634471394,-110.99999967376182,12.0,5130.2373046875
-135.9999946776259,118.99999534292266,16.0,5100.57470703125
61.99999717184774,-9.99999970909292,18.0,5073.8466796875
98.9999993398314,-130.00000134084985,18.0,5143.0302734375
-118.99999534292266,-79.99999767274336,20.0,5071.53173828125
97.999998173639,120.00000333930423,15.0,5100.609375
-173.99999801180195,82.00000000512816,16.0,5072.74072265625
-9.000000250447817,25.999999585151052,18.0,5103.05908203125
135.00000034162267,-97.999998173639,15.0,5076.7802734375
-83.00000117132056,161.99999767787153,14.0,5124.22216796875
-98.9999993398314,-79.99999767274336,18.0,5067.8505859375
169.99999334703236,-163.0000056742531,16.0,5085.1220703125
-28.99999966863366,15.999999876058132,16.0,5068.1396484375
28.000000209988553,-75.99999983816295,16.0,5068.03466796875
9.000000250447817,-27.00000075134345,16.0,5114.41552734375
-100.0000005060238,89.00000133828577,15.0,5065.56103515625
-45.999999003336896,47.000000169529294,17.0,5124.39794921875
-45.999999003336896,-91.99999800667379,15.0,5078.4677734375
-28.000000209988553,-39.99999883637168,17.0,5127.326171875
134.00000600561944,39.99999883637168,19.0,5126.9873046875
-47.000000169529294,67.99999733881295,16.0,5116.44091796875
79.99999767274336,102.99999717441182,16.0,5060.85595703125
171.00000134341394,-22.000000043023345,17.0,5113.77294921875
45.999999003336896,21.00000058437824,21.0,5101.58740234375
7.000000052497138,-108.99999734137702,15.0,5127.4609375
-100.0000005060238,140.9999936783987,16.0,5127.82373046875
-173.00000367579872,-42.00000116875648,18.0,5125.79052734375
-135.9999946776259,-65.00000067042492,20.0,5104.83837890625
42.99999891985429,-9.99999970909292,17.0,5070.6689453125
-137.00000267400745,-45.999999003336896,18.0,5122.97607421875
27.00000075134345,149.0000030079379,19.0,5124.48486328125
79.00000333674014,-47.000000169529294,16.0,5125.5048828125
-28.000000209988553,-178.00000267657154,12.0,5084.95263671875
-137.00000267400745,83.00000117132056,17.0,5066.28466796875
-83.00000117132056,25.00000012650595,19.0,5104.4638671875
169.99999334703236,66.00000183661733,18.0,5112.66259765625
25.00000012650595,7.000000052497138,18.0,5068.828125
151.00000534032267,11.000000021511672,20.0,5068.50634765625
-47.000000169529294,-168.0000046750259,18.0,5089.48486328125
7.999999938029066,-147.9999950115563,18.0,5123.4267578125
-47.000000169529294,-128.9999933444683,16.0,5141.92724609375
-100.0000005060238,-94.00000033905859,15.0,5074.6279296875
-82.00000000512816,98.9999993398314,18.0,5062.3896484375
96.99999700744661,30.000000834826057,19.0,5102.69580078125
135.00000034162267,25.999999585151052,21.0,5103.333984375
25.999999585151052,176.99999468018999,14.0,5088.30810546875
132.99999800923788,-48.00000133572169,19.0,5124.451171875
-65.00000067042492,45.999999003336896,21.0,5125.984375
115.00000433853141,120.00000333930423,17.0,5100.849609375
79.99999767274336,90.00000250447816,15.0,5068.134765625
169.99999334703236,-147.9999950115563,17.0,5124.1865234375
-65.00000067042492,-104.99999950679661,13.0,5125.51123046875
60.000001669652114,-94.00000033905859,16.0,5075.63330078125
97.999998173639,-125.99999667608026,15.0,5145.0380859375
151.00000534032267,-127.99999900846505,14.0,5142.4853515625
42.99999891985429,176.99999468018999,19.0,5086.00048828125
132.99999800923788,-22.999999501668448,17.0,5110.30126953125
151.00000534032267,-180.00000500895632,14.0,5085.0849609375
-47.000000169529294,65.00000067042492,15.0,5110.42529296875
-28.99999966863366,178.99999701257477,16.0,5087.9794921875
79.00000333674014,104.99999950679661,18.0,5066.96533203125
60.000001669652114,-127.99999900846505,17.0,5145.73974609375
-173.99999801180195,27.00000075134345,18.0,5108.93310546875
42.99999891985429,144.9999983431683,15.0,5131.18994140625
168.0000046750259,14.000000104994276,18.0,5070.8603515625
114.000003172339,-73.00000316977493,17.0,5068.6884765625
-84.00000233751295,178.99999701257477,15.0,5085.8505859375
-12.000000333930423,-68.99999850500534,15.0,5076.572265625
-120.99999767530745,84.99999667351618,17.0,5066.826171875
60.000001669652114,-107.00000183918141,15.0,5121.7412109375
-120.99999767530745,86.99999900590097,16.0,5064.7373046875
79.00000333674014,88.00000017209338,15.0,5067.37744140625
-137.00000267400745,125.99999667608026,17.0,5106.689453125
-120.99999767530745,-41.00000000256408,21.0,5129.64453125
-156.99999867709872,83.00000117132056,17.0,5066.201171875
-137.99999701001067,125.99999667608026,16.0,5108.0595703125
128.9999933444683,-180.00000500895632,19.0,5086.7939453125
149.0000030079379,12.999999792575526,18.0,5071.75
149.99999734394112,-123.99999434369548,15.0,5143.390625
60.000001669652114,161.0000033418683,18.0,5122.18115234375
147.9999950115563,142.9999960107835,19.0,5130.873046875
114.000003172339,-147.00000067555308,18.0,5127.21875
-30.99999858592387,-122.00000567168901,15.0,5145.63720703125
96.00000267144338,31.999999752116263,17.0,5107.55078125
41.00000000256408,109.99999850756943,14.0,5065.63330078125
-137.00000267400745,12.000000333930423,18.0,5069.52294921875
95.00000150525098,-19.99999941818584,13.0,5113.87939453125
-101.00000167221619,161.99999767787153,15.0,5124.54443359375
-11.000000021511672,69.99999967119774,18.0,5114.8876953125
-137.00000267400745,88.00000017209338,14.0,5069.33740234375
-30.000000834826057,-9.99999970909292,18.0,5072.0029296875
61.000002835844505,12.000000333930423,17.0,5067.92138671875
168.99999901102913,-164.99999434625954,17.0,5090.13330078125
-11.000000021511672,-142.9999960107835,16.0,5126.2646484375
60.000001669652114,83.00000117132056,15.0,5069.7158203125
75.99999983816295,-62.99999833804013,20.0,5107.2861328125
-62.99999833804013,144.9999983431683,17.0,5129.3330078125
-173.00000367579872,-144.00000400716507,15.0,5127.3251953125
-12.000000333930423,48.00000133572169,21.0,5129.58251953125
-45.999999003336896,-139.99999934239548,13.0,5129.33740234375
-154.99999634471394,-89.00000133828577,14.0,5082.38916015625
42.99999891985429,-164.00000001025631,16.0,5094.00927734375
42.00000116875648,-142.9999960107835,16.0,5130.13134765625
168.0000046750259,-39.99999883637168,18.0,5133.09423828125
-137.99999701001067,-92.99999917286618,15.0,5082.01318359375
42.00000116875648,71.00000083739013,14.0,5116.365234375
-9.99999970909292,25.999999585151052,19.0,5106.89453125
61.99999717184774,-178.00000267657154,14.0,5094.103515625
-173.00000367579872,-178.99999701257477,16.0,5091.47705078125
-48.00000133572169,161.0000033418683,16.0,5125.04541015625
168.99999901102913,-15.000000417413029,19.0,5078.83447265625
-137.99999701001067,176.00000034418676,16.0,5092.69921875
24.000000667860846,85.99999783970858,17.0,5072.02294921875
41.00000000256408,42.00000116875648,19.0,5128.69873046875
-156.0000043410955,137.99999701001067,16.0,5133.40576171875
78.00000217054775,171.99999567941717,14.0,5091.7626953125
-156.0000043410955,147.9999950115563,12.0,5131.474609375
115.00000433853141,84.00000233751295,21.0,5068.64404296875
6.000000166965211,-77.00000100435535,20.0,5077.365234375
42.99999891985429,125.00000234007703,16.0,5105.208984375
-47.000000169529294,-161.0000033418683,14.0,5094.1298828125
-47.000000169529294,-7.000000052497138,17.0,5072.92138671875
-30.000000834826057,-178.00000267657154,14.0,5088.65673828125
96.99999700744661,159.99999534548672,15.0,5120.5732421875
-63.99999950423253,42.99999891985429,19.0,5129.5302734375
-45.999999003336896,161.0000033418683,14.0,5125.64306640625
-30.99999858592387,9.000000250447817,20.0,5073.990234375
-47.000000169529294,61.99999717184774,17.0,5114.8623046875
79.00000333674014,15.999999876058132,18.0,5072.83642578125
147.9999950115563,-92.99999917286618,14.0,5078.59814453125
132.00000367323466,51.999999170302104,16.0,5127.01513671875
78.00000217054775,-139.00000500639226,15.0,5131.02685546875
92.99999917286618,-75.99999983816295,15.0,5076.39501953125
-63.99999950423253,48.00000133572169,18.0,5128.4404296875
-117.0000066709162,-72.00000200358254,16.0,5075.03955078125
-154.99999634471394,-74.99999867197056,17.0,5075.017578125
42.99999891985429,159.99999534548672,18.0,5123.52685546875
-47.000000169529294,12.000000333930423,15.0,5074.64990234375
25.00000012650595,30.000000834826057,16.0,5111.90234375
-9.000000250447817,-79.00000333674014,15.0,5073.0810546875
24.000000667860846,100.0000005060238,17.0,5068.73583984375
42.99999891985429,108.0000030053738,17.0,5068.3017578125
-65.00000067042492,-78.00000217054775,18.0,5074.00927734375
-137.99999701001067,12.000000333930423,16.0,5073.1279296875
-137.99999701001067,-96.99999700744661,15.0,5079.94775390625
-173.99999801180195,-11.000000021511672,19.0,5071.15185546875
168.0000046750259,-73.99999750577815,18.0,5075.9599609375
39.99999883637168,161.0000033418683,16.0,5123.796875
-101.00000167221619,142.00000167478026,15.0,5129.67333984375
96.99999700744661,-173.00000367579872,16.0,5089.5908203125
-135.9999946776259,139.99999934239548,17.0,5129.841796875
-120.00000333930423,-142.9999960107835,13.0,5124.3369140625
24.000000667860846,90.00000250447816,14.0,5072.30322265625
-9.99999970909292,127.00000467246183,17.0,5101.17626953125
75.99999983816295,130.99999567685308,18.0,5129.65869140625
-84.00000233751295,91.99999800667379,12.0,5070.35595703125
57.99999933726732,-3.0000000834826057,15.0,5073.54296875
-9.99999970909292,-62.99999833804013,17.0,5105.5498046875
-47.000000169529294,142.00000167478026,15.0,5132.0390625
-85.99999783970858,-3.999999969014533,12.0,5076.951171875
60.000001669652114,-57.0000015861695,18.0,5107.6298828125
59.00000050345972,107.00000183918141,16.0,5068.423828125
114.000003172339,122.00000567168901,16.0,5102.9990234375
78.00000217054775,30.99999858592387,16.0,5106.97119140625
-9.99999970909292,-96.00000267144338,17.0,5077.365234375
44.00000008604669,-73.00000316977493,17.0,5072.3955078125
149.99999734394112,65.00000067042492,17.0,5115.35888671875
132.99999800923788,125.99999667608026,18.0,5102.224609375
3.999999969014533,-57.0000015861695,16.0,5108.865234375
151.00000534032267,-180.00000500895632,14.0,5092.41796875
-135.9999946776259,84.00000233751295,15.0,5070.064453125
-65.00000067042492,-89.00000133828577,15.0,5077.099609375
61.000002835844505,-146.00000633954986,17.0,5125.77880859375
79.00000333674014,66.00000183661733,16.0,5113.703125
-156.0000043410955,-173.99999801180195,10.0,5088.3974609375
168.99999901102913,-57.99999933726732,17.0,5109.66357421875
96.99999700744661,-178.00000267657154,15.0,5087.333984375
149.99999734394112,67.99999733881295,17.0,5110.9404296875
-84.00000233751295,12.999999792575526,18.0,5072.06396484375
78.00000217054775,-159.99999534548672,15.0,5090.57373046875
-154.99999634471394,-33.000000918308665,20.0,5113.98779296875
168.0000046750259,-59.00000050345972,16.0,5104.59619140625
151.00000534032267,27.00000075134345,21.0,5104.7880859375
-176.00000034418676,104.99999950679661,16.0,5063.76318359375
-30.000000834826057,-109.99999850756943,16.0,5123.7900390625
135.00000034162267,-75.99999983816295,18.0,5070.2646484375
-137.99999701001067,144.00000400716507,13.0,5127.95166015625
151.9999996763259,9.99999970909292,17.0,5070.65869140625
-83.00000117132056,51.000001419204295,18.0,5127.0830078125
25.00000012650595,102.99999717441182,17.0,5063.97119140625
-173.99999801180195,-106.000000672989,16.0,5121.57275390625
-137.00000267400745,-164.99999434625954,17.0,5088.56298828125
-48.00000133572169,-34.99999983559887,15.0,5126.07177734375
114.000003172339,-27.00000075134345,17.0,5117.37841796875
-63.99999950423253,-42.00000116875648,17.0,5126.78955078125
-61.99999717184774,-27.00000075134345,16.0,5114.333984375
-152.99999401232913,-142.00000167478026,16.0,5120.208984375
25.999999585151052,28.000000209988553,18.0,5103.85595703125
168.0000046750259,41.00000000256408,20.0,5125.6826171875
-154.99999634471394,159.0000010094835,13.0,5122.3583984375
-101.00000167221619,-54.999999253784715,17.0,5105.404296875
168.99999901102913,-12.000000333930423,19.0,5072.3349609375
-173.00000367579872,-21.00000058437824,19.0,5115.91357421875
132.99999800923788,159.0000010094835,15.0,5123.45849609375
169.99999334703236,-113.00000200614662,16.0,5127.26806640625
-47.000000169529294,123.99999434369548,17.0,5100.08544921875
79.00000333674014,-22.999999501668448,16.0,5114.66015625
149.0000030079379,83.00000117132056,17.0,5066.30419921875
25.00000012650595,125.00000234007703,16.0,5100.76025390625
-118.99999534292266,-113.00000200614662,19.0,5124.54296875
25.00000012650595,-22.000000043023345,17.0,5112.69873046875
7.000000052497138,125.99999667608026,15.0,5097.69482421875
-11.000000021511672,98.9999993398314,16.0,5063.89501953125
-84.99999667351618,-37.999999919081475,17.0,5127.08349609375
-28.99999966863366,-89.00000133828577,13.0,5076.185546875
-158.00000667348027,-147.9999950115563,20.0,5126.59326171875
149.99999734394112,102.99999717441182,20.0,5062.5791015625
-47.000000169529294,28.99999966863366,18.0,5104.0517578125
-45.00000125223908,-115.00000433853141,15.0,5128.5888671875
25.00000012650595,-164.00000001025631,16.0,5101.92041015625
166.99999667864435,142.9999960107835,16.0,5145.84375
-48.00000133572169,-166.00000234264112,16.0,5108.97900390625
96.00000267144338,9.99999970909292,18.0,5091.36474609375
-30.99999858592387,51.999999170302104,17.0,5148.5966796875
-67.00000300280972,-77.00000100435535,20.0,5097.25
95.00000150525098,144.9999983431683,17.0,5151.75927734375
130.99999567685308,-33.99999866940647,17.0,5150.802734375
164.99999434625954,-56.000000419977106,18.0,5124.83837890625
164.99999434625954,14.000000104994276,20.0,5094.32275390625
-123.99999434369548,106.000000672989,17.0,5090.49609375
114.000003172339,-39.00000108527387,18.0,5145.23095703125
149.0000030079379,50.0000002530119,17.0,5142.220703125
-50.0000002530119,-178.00000267657154,18.0,5097.09765625
144.9999983431683,73.00000316977493,14.0,5117.65966796875
-15.000000417413029,166.00000234264112,14.0,5134.01416015625
-103.99999834060421,-123.00000000769224,17.0,5162.0703125
112.00000083995421,144.9999983431683,20.0,5148.74951171875
-14.000000104994276,-84.00000233751295,15.0,5088.6171875
41.00000000256408,-3.0000000834826057,17.0,5086.69140625
130.99999567685308,28.99999966863366,19.0,5132.0107421875
-158.00000667348027,125.00000234007703,16.0,5126.60546875
112.00000083995421,-112.00000083995421,19.0,5133.21728515625
92.99999917286618,-137.00000267400745,15.0,5150.44482421875
73.99999750577815,-156.0000043410955,15.0,5118.7646484375
-139.99999934239548,110.99999967376182,18.0,5092.91552734375
22.000000043023345,89.00000133828577,16.0,5080.09326171875
22.000000043023345,95.00000150525098,14.0,5080.52001953125
127.00000467246183,113.00000200614662,16.0,5094.90380859375
164.99999434625954,-88.00000017209338,17.0,5090.2451171875
22.000000043023345,128.9999933444683,15.0,5133.67626953125
-123.00000000769224,-7.000000052497138,16.0,5088.20263671875
-123.00000000769224,163.0000056742531,16.0,5139.65771484375
-88.00000017209338,-88.00000017209338,16.0,5094.43701171875
-104.99999950679661,-159.0000010094835,15.0,5126.41796875
-140.9999936783987,128.9999933444683,14.0,5140.974609375
94.00000033905859,-42.99999891985429,19.0,5156.853515625
-15.000000417413029,-77.00000100435535,17.0,5110.400390625
-159.99999534548672,-142.00000167478026,15.0,5163.30615234375
-158.00000667348027,127.99999900846505,17.0,5136.74072265625
3.0000000834826057,-84.99999667351618,14.0,5096.185546875
147.00000067555308,-53.0000003364945,18.0,5141.88623046875
57.0000015861695,-71.00000083739013,18.0,5109.91845703125
39.00000108527387,-91.99999800667379,16.0,5096.935546875
128.9999933444683,9.000000250447817,20.0,5106.02734375
39.00000108527387,90.99999684048139,16.0,5085.8388671875
91.99999800667379,57.0000015861695,16.0,5153.55517578125
39.99999883637168,127.00000467246183,15.0,5138.4951171875
-86.99999900590097,-122.00000567168901,15.0,5172.75146484375
-139.99999934239548,15.999999876058132,17.0,5105.48779296875
-15.999999876058132,75.99999983816295,13.0,5128.58447265625
-85.99999783970858,33.000000918308665,17.0,5140.29736328125
-123.00000000769224,164.99999434625954,15.0,5143.38671875
-104.99999950679661,168.0000046750259,14.0,5142.001953125
77.00000100435535,-53.0000003364945,16.0,5141.5615234375
-104.99999950679661,-139.00000500639226,19.0,5161.6962890625
39.00000108527387,-156.0000043410955,15.0,5123.96728515625
-175.00000600818353,164.99999434625954,17.0,5143.38037109375
164.99999434625954,-84.99999667351618,14.0,5096.9072265625
166.00000234264112,11.000000021511672,19.0,5100.4521484375
94.00000033905859,94.00000033905859,15.0,5087.46337890625
-123.99999434369548,166.00000234264112,12.0,5142.279296875
-15.999999876058132,-140.9999936783987,14.0,5154.83837890625
-68.99999850500534,-137.99999701001067,14.0,5155.99462890625
130.99999567685308,149.99999734394112,18.0,5156.32373046875
-159.0000010094835,127.99999900846505,18.0,5137.22314453125
94.00000033905859,-54.999999253784715,15.0,5141.5986328125
127.99999900846505,12.999999792575526,20.0,5104.13427734375
3.0000000834826057,-159.0000010094835,16.0,5125.48486328125
128.9999933444683,-41.00000000256408,19.0,5156.58544921875
90.99999684048139,169.99999334703236,15.0,5142.88232421875
57.99999933726732,53.0000003364945,17.0,5152.291015625
-86.99999900590097,-173.00000367579872,12.0,5108.67578125
-51.000001419204295,159.0000010094835,18.0,5140.5791015625
-15.999999876058132,-101.00000167221619,14.0,5138.978515625
90.99999684048139,146.00000633954986,16.0,5157.49951171875
18.999999959540737,-107.00000183918141,17.0,5139.26220703125
-15.999999876058132,-36.99999875288908,19.0,5153.6357421875
-139.00000500639226,-3.0000000834826057,17.0,5093.30322265625
-48.9999990868195,-86.99999900590097,15.0,5097.3017578125
-176.99999468018999,68.99999850500534,19.0,5128.068359375
-161.0000033418683,71.00000083739013,15.0,5128.58154296875
-69.99999967119774,84.99999667351618,17.0,5087.97265625
164.99999434625954,73.00000316977493,17.0,5134.22509765625
77.00000100435535,-72.00000200358254,18.0,5104.73193359375
-85.99999783970858,110.99999967376182,18.0,5098.02978515625
166.00000234264112,-180.00000500895632,17.0,5108.4658203125
-33.000000918308665,-152.99999401232913,13.0,5124.55419921875
147.00000067555308,-176.00000034418676,15.0,5109.919921875
-156.99999867709872,-54.0000015026869,17.0,5142.142578125
-85.99999783970858,90.99999684048139,18.0,5091.19091796875
130.00000134084985,-89.00000133828577,17.0,5097.03759765625
-85.99999783970858,149.99999734394112,13.0,5158.95263671875
39.00000108527387,-16.999999334703237,15.0,5135.8388671875
94.00000033905859,15.000000417413029,18.0,5107.61572265625
-123.00000000769224,-156.99999867709872,14.0,5125.3701171875
110.99999967376182,-18.999999959540737,16.0,5135.3271484375
-176.99999468018999,48.00000133572169,21.0,5154.0439453125
75.99999983816295,-7.000000052497138,18.0,5093.748046875
-86.99999900590097,147.9999950115563,15.0,5157.9248046875
3.999999969014533,-41.00000000256408,19.0,5156.80859375
57.99999933726732,-169.99999334703236,14.0,5109.685546875
112.00000083995421,66.00000183661733,18.0,5137.8115234375
-67.99999733881295,54.0000015026869,18.0,5152.88720703125
18.999999959540737,-73.99999750577815,21.0,5115.66357421875
-15.000000417413029,-120.99999767530745,16.0,5181.20068359375
57.99999933726732,-19.99999941818584,18.0,5140.24169921875
95.00000150525098,-154.99999634471394,15.0,5119.59326171875
-33.000000918308665,-34.99999983559887,16.0,5179.3515625
-159.99999534548672,-176.00000034418676,18.0,5105.90869140625
33.99999866940647,95.00000150525098,18.0,5121.69287109375
-44.00000008604669,79.00000333674014,17.0,5187.1064453125
98.9999993398314,-114.000003172339,16.0,5249.70654296875
-82.00000000512816,98.9999993398314,17.0,5202.31689453125
-100.0000005060238,9.000000250447817,20.0,5218.87646484375
-118.00000100691943,-166.00000234264112,15.0,5234.88525390625
-30.000000834826057,-21.00000058437824,16.0,5271.04931640625
7.000000052497138,-161.99999767787153,16.0,5240.1875
27.00000075134345,144.9999983431683,17.0,5265.97705078125
117.0000066709162,158.00000667348027,15.0,5257.19140625
-79.00000333674014,-79.99999767274336,17.0,5183.0517578125
156.0000043410955,63.99999950423253,18.0,5238.6474609375
-132.99999800923788,-115.00000433853141,15.0,5249.5380859375
154.0000020087107,137.99999701001067,17.0,5264.7236328125
-152.99999401232913,-178.00000267657154,14.0,5225.373046875
-101.00000167221619,-56.000000419977106,14.0,5234.92529296875
-152.99999401232913,42.00000116875648,20.0,5258.39892578125
28.99999966863366,-113.00000200614662,16.0,5266.96630859375
120.00000333930423,-7.999999938029066,15.0,5207.29833984375
-25.00000012650595,24.000000667860846,15.0,5199.96435546875
-45.00000125223908,84.99999667351618,16.0,5218.9130859375
-137.00000267400745,-7.000000052497138,17.0,5219.1748046875
149.99999734394112,61.99999717184774,18.0,5268.00244140625
-82.00000000512816,9.000000250447817,18.0,5211.69580078125
-6.000000166965211,161.99999767787153,13.0,5253.4296875
-79.00000333674014,25.999999585151052,19.0,5259.39501953125
-61.99999717184774,-57.0000015861695,14.0,5193.96044921875
80.99999883893577,106.000000672989,15.0,5162.3623046875
-171.99999567941717,-45.00000125223908,19.0,5209.7529296875
-118.00000100691943,-178.00000267657154,13.0,5159.845703125
-62.99999833804013,-57.99999933726732,17.0,5221.279296875
156.0000043410955,102.99999717441182,11.0,5126.701171875
67.00000300280972,22.999999501668448,18.0,5198.46533203125
-96.00000267144338,65.00000067042492,17.0,5229.6123046875
118.99999534292266,28.000000209988553,14.0,5258.1201171875
-63.99999950423253,-39.99999883637168,16.0,5230.01611328125
-117.0000066709162,51.000001419204295,14.0,5241.509765625
-115.99999867453464,-25.00000012650595,16.0,5236.35107421875
-79.00000333674014,175.00000600818353,15.0,5195.73681640625
102.00000283840859,-149.99999734394112,16.0,5280.38720703125
176.99999468018999,-132.99999800923788,14.0,5299.64599609375
-132.00000367323466,19.99999941818584,21.0,5256.63818359375
118.00000100691943,27.00000075134345,18.0,5282.623046875
-45.00000125223908,-66.00000183661733,23.0,5252.81689453125
97.999998173639,-89.00000133828577,16.0,5201.056640625
-134.00000600561944,-161.99999767787153,15.0,5184.29296875
-132.99999800923788,12.000000333930423,17.0,5214.54541015625
-41.00000000256408,-168.99999901102913,17.0,5156.29541015625
-113.00000200614662,-78.00000217054775,15.0,5163.58056640625
-6.000000166965211,-100.0000005060238,17.0,5192.16552734375
63.99999950423253,65.00000067042492,16.0,5257.3212890625
171.00000134341394,-127.99999900846505,16.0,5278.9208984375
173.99999801180195,-144.00000400716507,15.0,5234.61474609375
83.00000117132056,30.99999858592387,15.0,5229.23291015625
30.99999858592387,-30.000000834826057,17.0,5187.1904296875
-128.9999933444683,-163.0000056742531,9.0,5212.25341796875
-39.99999883637168,-61.99999717184774,17.0,5247.59423828125
-79.00000333674014,-147.00000067555308,13.0,5299.982421875
-7.999999938029066,-98.9999993398314,18.0,5239.84619140625
-149.99999734394112,159.0000010094835,15.0,5271.19189453125
-42.00000116875648,178.99999701257477,12.0,5224.6201171875
-147.9999950115563,-134.00000600561944,19.0,5254.3974609375
103.99999834060421,-33.99999866940647,21.0,5245.53369140625
14.000000104994276,-94.00000033905859,12.0,5234.06884765625
-22.999999501668448,137.00000267400745,14.0,5267.65625
118.99999534292266,-125.99999667608026,14.0,5284.50048828125
-132.99999800923788,123.99999434369548,15.0,5208.12646484375
154.99999634471394,161.0000033418683,14.0,5245.04638671875
66.00000183661733,1.9999999845072665,19.0,5155.3671875
-166.00000234264112,-161.99999767787153,13.0,5176.9560546875
51.000001419204295,159.0000010094835,14.0,5247.9150390625
-132.99999800923788,-112.00000083995421,17.0,5264.6337890625
173.99999801180195,-128.9999933444683,13.0,5240.271484375
-168.99999901102913,171.00000134341394,16.0,5233.1875
-24.000000667860846,84.00000233751295,13.0,5220.34375
-149.99999734394112,176.00000034418676,14.0,5216.63623046875
-130.00000134084985,96.99999700744661,13.0,5224.86962890625
-42.00000116875648,140.9999936783987,17.0,5262.7470703125
-22.999999501668448,142.9999960107835,11.0,5268.234375
-134.00000600561944,-30.99999858592387,19.0,5289.435546875
-61.000002835844505,-130.00000134084985,16.0,5270.1884765625
-6.000000166965211,140.9999936783987,17.0,5267.2236328125
-113.00000200614662,-159.99999534548672,14.0,5211.2587890625
-95.00000150525098,37.999999919081475,19.0,5229.73583984375
-166.00000234264112,96.99999700744661,18.0,5178.48876953125
-39.99999883637168,118.00000100691943,9.0,5171.17626953125
-96.00000267144338,-113.00000200614662,14.0,5218.9970703125
-24.000000667860846,-169.99999334703236,17.0,5167.61474609375
-27.00000075134345,-166.00000234264112,14.0,5196.544921875
48.00000133572169,-74.99999867197056,16.0,5109.7060546875
12.999999792575526,42.00000116875648,18.0,5199.94873046875
85.99999783970858,-30.99999858592387,15.0,5236.0732421875
140.9999936783987,120.99999767530745,14.0,5231.75390625
12.999999792575526,7.000000052497138,17.0,5247.09033203125
-96.99999700744661,98.9999993398314,17.0,5244.19970703125
137.00000267400745,102.99999717441182,15.0,5231.5029296875
-130.00000134084985,-11.000000021511672,14.0,5233.88623046875
31.999999752116263,137.00000267400745,14.0,5277.92919921875
-130.00000134084985,37.999999919081475,18.0,5294.46923828125
156.99999867709872,178.99999701257477,12.0,5282.43798828125
154.0000020087107,84.00000233751295,14.0,5277.423828125
-61.000002835844505,158.00000667348027,16.0,5357.15576171875
-95.00000150525098,115.99999867453464,16.0,5315.392578125
33.000000918308665,-115.00000433853141,16.0,5275.80810546875
33.99999866940647,-149.99999734394112,17.0,5248.50146484375
-74.99999867197056,151.00000534032267,14.0,5330.5048828125
-94.00000033905859,-45.00000125223908,14.0,5289.77587890625
48.00000133572169,-45.999999003336896,15.0,5305.1796875
12.999999792575526,3.0000000834826057,16.0,5273.68115234375
-147.9999950115563,-11.000000021511672,15.0,5222.21142578125
